2018-01-01 00:15,0.00,32.63
2018-01-01 00:30,0.00,32.24
2018-01-01 00:45,0.00,31.03
2018-01-01 01:00,0.00,31.87
2018-01-01 01:15,0.00,31.87
2018-01-01 01:30,0.00,30.5
2018-01-01 01:45,0.00,30.09
2018-01-01 02:00,0.00,31.06
2018-01-01 02:15,0.00,32.92
2018-01-01 02:30,0.00,31.8
2018-01-01 02:45,0.00,31.8
2018-01-01 03:00,0.00,33.05
2018-01-01 03:15,0.00,32.3
2018-01-01 03:30,0.00,32.45
2018-01-01 03:45,0.00,31.03
2018-01-01 04:00,0.00,30.26
2018-01-01 04:15,0.00,29.87
2018-01-01 04:30,0.00,30.35
2018-01-01 04:45,0.00,30.34
2018-01-01 05:00,0.00,29.47
2018-01-01 05:15,0.00,30.85
2018-01-01 05:30,0.00,31.29
2018-01-01 05:45,0.00,31.27
2018-01-01 06:00,0.00,30.74
2018-01-01 06:15,0.00,30.87
2018-01-01 06:30,0.00,29.55
2018-01-01 06:45,0.17,27.9
2018-01-01 07:00,0.66,29.98
2018-01-01 07:15,1.42,28.43
2018-01-01 07:30,2.89,28.34
2018-01-01 07:45,4.44,24.68
2018-01-01 08:00,6.01,23.06
2018-01-01 08:15,7.36,23.29
2018-01-01 08:30,8.74,21.93
2018-01-01 08:45,9.93,22.03
2018-01-01 09:00,10.96,20.89
2018-01-01 09:15,12.42,21.16
2018-01-01 09:30,13.61,20.93
2018-01-01 09:45,14.46,18.66
2018-01-01 10:00,15.21,19.08
2018-01-01 10:15,16.08,17.9
2018-01-01 10:30,16.77,19.95
2018-01-01 10:45,17.58,18.89
2018-01-01 11:00,18.15,17.66
2018-01-01 11:15,18.92,16.02
2018-01-01 11:30,19.40,16.1
2018-01-01 11:45,17.47,16.66
2018-01-01 12:00,12.62,16.79
2018-01-01 12:15,18.91,22.19
2018-01-01 12:30,21.26,14.76
2018-01-01 12:45,20.58,14.63
2018-01-01 13:00,11.45,15.37
2018-01-01 13:15,9.95,22.21
2018-01-01 13:30,8.24,23.77
2018-01-01 13:45,13.54,22.45
2018-01-01 14:00,13.60,19.51
2018-01-01 14:15,12.49,20.71
2018-01-01 14:30,14.94,21.18
2018-01-01 14:45,14.98,19.79
2018-01-01 15:00,5.57,22.45
2018-01-01 15:15,10.60,26.53
2018-01-01 15:30,13.65,23.24
2018-01-01 15:45,7.15,22.16
2018-01-01 16:00,4.67,26.22
2018-01-01 16:15,8.46,27.19
2018-01-01 16:30,6.33,24.92
2018-01-01 16:45,3.08,27.1
2018-01-01 17:00,2.46,27.61
2018-01-01 17:15,1.62,30.3
2018-01-01 17:30,0.61,30.26
2018-01-01 17:45,0.06,30.42
2018-01-01 18:00,0.00,31.9
2018-01-01 18:15,0.00,33.97
2018-01-01 18:30,0.00,35.11
2018-01-01 18:45,0.00,37.03
2018-01-01 19:00,0.00,35.53
2018-01-01 19:15,0.00,33.72
2018-01-01 19:30,0.00,34.01
2018-01-01 19:45,0.00,34.01
2018-01-01 20:00,0.00,35.32
2018-01-01 20:15,0.00,33.38
2018-01-01 20:30,0.00,33.87
2018-01-01 20:45,0.00,34.22
2018-01-01 21:00,0.00,34.61
2018-01-01 21:15,0.00,34.59
2018-01-01 21:30,0.00,35.13
2018-01-01 21:45,0.00,34.29
2018-01-01 22:00,0.00,34.42
2018-01-01 22:15,0.00,38.34
2018-01-01 22:30,0.00,37.06
2018-01-01 22:45,0.00,35.29
2018-01-01 23:00,0.00,35.51
2018-01-01 23:15,0.00,35.22
2018-01-01 23:30,0.00,35.38
2018-01-01 23:45,0.00,34.51
2018-01-02 00:00,0.00,34.51
2018-01-02 00:15,0.00,35.21
2018-01-02 00:30,0.00,35.21
2018-01-02 00:45,0.00,32.87
2018-01-02 01:00,0.00,33.61
2018-01-02 01:15,0.00,33.97
2018-01-02 01:30,0.00,32.76
2018-01-02 01:45,0.00,33.84
2018-01-02 02:00,0.00,32.22
2018-01-02 02:15,0.00,32.68
2018-01-02 02:30,0.00,31.03
2018-01-02 02:45,0.00,31.63
2018-01-02 03:00,0.00,32.03
2018-01-02 03:15,0.00,31.01
2018-01-02 03:30,0.00,30.97
2018-01-02 03:45,0.00,31.72
2018-01-02 04:00,0.00,31.79
2018-01-02 04:15,0.00,31.92
2018-01-02 04:30,0.00,30.42
2018-01-02 04:45,0.00,30.51
2018-01-02 05:00,0.00,30.59
2018-01-02 05:15,0.00,33.79
2018-01-02 05:30,0.00,31.55
2018-01-02 05:45,0.00,31.24
2018-01-02 06:00,0.00,31.42
2018-01-02 06:15,0.00,31.93
2018-01-02 06:30,0.00,30.98
2018-01-02 06:45,0.06,31.03
2018-01-02 07:00,0.55,30.18
2018-01-02 07:15,1.69,30.29
2018-01-02 07:30,3.06,28.37
2018-01-02 07:45,4.54,25.8
2018-01-02 08:00,6.03,25.82
2018-01-02 08:15,7.46,24.55
2018-01-02 08:30,8.94,24.69
2018-01-02 08:45,9.98,23.18
2018-01-02 09:00,11.22,23.05
2018-01-02 09:15,12.60,23
2018-01-02 09:30,13.92,23.18
2018-01-02 09:45,14.80,23.11
2018-01-02 10:00,15.46,20.42
2018-01-02 10:15,16.18,22.06
2018-01-02 10:30,16.76,22.06
2018-01-02 10:45,17.39,21.24
2018-01-02 11:00,18.00,20.48
2018-01-02 11:15,17.66,21.79
2018-01-02 11:30,18.86,20.21
2018-01-02 11:45,19.10,20.1
2018-01-02 12:00,19.48,21.26
2018-01-02 12:15,19.78,21.6
2018-01-02 12:30,19.34,20.22
2018-01-02 12:45,12.73,19.76
2018-01-02 13:00,18.66,25.11
2018-01-02 13:15,17.74,21.32
2018-01-02 13:30,18.71,23.11
2018-01-02 13:45,18.54,23.9
2018-01-02 14:00,17.86,22.8
2018-01-02 14:15,16.72,24.89
2018-01-02 14:30,14.02,26.53
2018-01-02 14:45,14.45,28.32
2018-01-02 15:00,13.75,27.84
2018-01-02 15:15,12.62,27.42
2018-01-02 15:30,10.67,29.85
2018-01-02 15:45,10.34,32.26
2018-01-02 16:00,9.06,30
2018-01-02 16:15,7.32,29.51
2018-01-02 16:30,5.17,29.59
2018-01-02 16:45,4.22,31.58
2018-01-02 17:00,2.97,32.11
2018-01-02 17:15,1.46,34.03
2018-01-02 17:30,0.66,33.97
2018-01-02 17:45,0.16,36.56
2018-01-02 18:00,0.00,39.01
2018-01-02 18:15,0.00,40.88
2018-01-02 18:30,0.00,39.24
2018-01-02 18:45,0.00,40.61
2018-01-02 19:00,0.00,39.16
2018-01-02 19:15,0.00,38.06
2018-01-02 19:30,0.00,39.87
2018-01-02 19:45,0.00,40.9
2018-01-02 20:00,0.00,43.51
2018-01-02 20:15,0.00,43.72
2018-01-02 20:30,0.00,46.08
2018-01-02 20:45,0.00,43.56
2018-01-02 21:00,0.00,41.66
2018-01-02 21:15,0.00,44.03
2018-01-02 21:30,0.00,44.22
2018-01-02 21:45,0.00,43.59
2018-01-02 22:00,0.00,44.24
2018-01-02 22:15,0.00,43.48
2018-01-02 22:30,0.00,45.38
2018-01-02 22:45,0.00,43.67
2018-01-02 23:00,0.00,42.03
2018-01-02 23:15,0.00,41.48
2018-01-02 23:30,0.00,41.45
2018-01-02 23:45,0.00,42.53
2018-01-03 00:00,0.00,43.34
2018-01-03 00:15,0.00,42.63
2018-01-03 00:30,0.00,43.58
2018-01-03 00:45,0.00,43.58
2018-01-03 01:00,0.00,40.98
2018-01-03 01:15,0.00,41.21
2018-01-03 01:30,0.00,40.98
2018-01-03 01:45,0.00,38.82
2018-01-03 02:00,0.00,39.61
2018-01-03 02:15,0.00,39.58
2018-01-03 02:30,0.00,40.56
2018-01-03 02:45,0.00,39.88
2018-01-03 03:00,0.00,39.93
2018-01-03 03:15,0.00,38.76
2018-01-03 03:30,0.00,40.48
2018-01-03 03:45,0.00,39.05
2018-01-03 04:00,0.00,37.71
2018-01-03 04:15,0.00,37.87
2018-01-03 04:30,0.00,38.01
2018-01-03 04:45,0.00,36.53
2018-01-03 05:00,0.00,37.77
2018-01-03 05:15,0.00,40.32
2018-01-03 05:30,0.00,41.03
2018-01-03 05:45,0.00,39.29
2018-01-03 06:00,0.00,39.14
2018-01-03 06:15,0.00,40.3
2018-01-03 06:30,0.00,39.32
2018-01-03 06:45,0.15,40.56
2018-01-03 07:00,0.50,41.3
2018-01-03 07:15,0.86,39.05
2018-01-03 07:30,1.42,38.26
2018-01-03 07:45,2.16,38.56
2018-01-03 08:00,2.71,37.51
2018-01-03 08:15,3.02,35.38
2018-01-03 08:30,2.53,33.32
2018-01-03 08:45,3.00,32.58
2018-01-03 09:00,3.61,32.01
2018-01-03 09:15,5.37,31.84
2018-01-03 09:30,6.32,29.85
2018-01-03 09:45,8.18,31.95
2018-01-03 10:00,9.11,31.3
2018-01-03 10:15,10.99,27.82
2018-01-03 10:30,12.47,27.06
2018-01-03 10:45,15.62,26.8
2018-01-03 11:00,16.35,25.9
2018-01-03 11:15,18.03,25.43
2018-01-03 11:30,18.22,25.24
2018-01-03 11:45,18.66,23.92
2018-01-03 12:00,18.82,22.66
2018-01-03 12:15,18.48,24.47
2018-01-03 12:30,18.42,25.64
2018-01-03 12:45,17.19,26.29
2018-01-03 13:00,16.36,26.69
2018-01-03 13:15,12.24,27.26
2018-01-03 13:30,19.45,28.8
2018-01-03 13:45,15.85,26.5
2018-01-03 14:00,15.24,29.61
2018-01-03 14:15,9.73,32.08
2018-01-03 14:30,7.42,33.87
2018-01-03 14:45,7.86,37.38
2018-01-03 15:00,9.67,37.79
2018-01-03 15:15,11.39,36.05
2018-01-03 15:30,10.83,34.69
2018-01-03 15:45,7.75,36.55
2018-01-03 16:00,4.14,37.9
2018-01-03 16:15,3.38,39.26
2018-01-03 16:30,3.58,40.16
2018-01-03 16:45,3.44,38.47
2018-01-03 17:00,2.32,38.24
2018-01-03 17:15,1.82,41.37
2018-01-03 17:30,0.91,41.9
2018-01-03 17:45,0.18,40.64
2018-01-03 18:00,0.00,44.84
2018-01-03 18:15,0.00,45.06
2018-01-03 18:30,0.00,53.9
2018-01-03 18:45,0.00,62.98
2018-01-03 19:00,0.00,51.92
2018-01-03 19:15,0.00,45.19
2018-01-03 19:30,0.00,44.98
2018-01-03 19:45,0.00,47.55
2018-01-03 20:00,0.00,45.66
2018-01-03 20:15,0.00,44.61
2018-01-03 20:30,0.00,47
2018-01-03 20:45,0.00,47.96
2018-01-03 21:00,0.00,55.48
2018-01-03 21:15,0.00,65.37
2018-01-03 21:30,0.00,64.93
2018-01-03 21:45,0.00,63.06
2018-01-03 22:00,0.00,52.05
2018-01-03 22:15,0.00,52.95
2018-01-03 22:30,0.00,53.13
2018-01-03 22:45,0.00,56.21
2018-01-03 23:00,0.00,52.69
2018-01-03 23:15,0.00,51.03
2018-01-03 23:30,0.00,52.8
2018-01-03 23:45,0.00,53.72
2018-01-04 00:00,0.00,53.32
2018-01-04 00:15,0.00,52.48
2018-01-04 00:30,0.00,52.03
2018-01-04 00:45,0.00,52.27
2018-01-04 01:00,0.00,50.59
2018-01-04 01:15,0.00,51.35
2018-01-04 01:30,0.00,50.95
2018-01-04 01:45,0.00,47.92
2018-01-04 02:00,0.00,47.82
2018-01-04 02:15,0.00,47.38
2018-01-04 02:30,0.00,47.8
2018-01-04 02:45,0.00,49.17
2018-01-04 03:00,0.00,46.88
2018-01-04 03:15,0.00,47.63
2018-01-04 03:30,0.00,45.67
2018-01-04 03:45,0.00,45.77
2018-01-04 04:00,0.00,44.93
2018-01-04 04:15,0.00,44.11
2018-01-04 04:30,0.00,42.9
2018-01-04 04:45,0.00,42.85
2018-01-04 05:00,0.00,43.37
2018-01-04 05:15,0.00,45.64
2018-01-04 05:30,0.00,45.61
2018-01-04 05:45,0.00,44.87
2018-01-04 06:00,0.00,46.06
2018-01-04 06:15,0.00,48.85
2018-01-04 06:30,0.00,46.46
2018-01-04 06:45,0.17,48
2018-01-04 07:00,0.48,47.63
2018-01-04 07:15,1.35,47.67
2018-01-04 07:30,2.47,47.92
2018-01-04 07:45,3.86,42.56
2018-01-04 08:00,5.22,40.95
2018-01-04 08:15,6.55,38.27
2018-01-04 08:30,8.01,37.68
2018-01-04 08:45,9.39,36.32
2018-01-04 09:00,10.69,32.97
2018-01-04 09:15,11.99,32.27
2018-01-04 09:30,12.90,34.32
2018-01-04 09:45,13.56,33.08
2018-01-04 10:00,14.57,31.27
2018-01-04 10:15,15.41,29.8
2018-01-04 10:30,16.18,27.95
2018-01-04 10:45,17.00,30.4
2018-01-04 11:00,17.56,30.68
2018-01-04 11:15,17.51,28.29
2018-01-04 11:30,17.84,28.48
2018-01-04 11:45,18.17,27.26
2018-01-04 12:00,17.94,26.93
2018-01-04 12:15,18.17,27.16
2018-01-04 12:30,19.22,28.82
2018-01-04 12:45,18.41,27.74
2018-01-04 13:00,8.52,28.42
2018-01-04 13:15,16.88,35.68
2018-01-04 13:30,18.42,29.27
2018-01-04 13:45,17.45,28.84
2018-01-04 14:00,15.55,31.79
2018-01-04 14:15,15.86,32.29
2018-01-04 14:30,14.91,31.09
2018-01-04 14:45,15.00,34.19
2018-01-04 15:00,13.18,36.11
2018-01-04 15:15,12.00,37.09
2018-01-04 15:30,11.22,37.85
2018-01-04 15:45,9.45,38.4
2018-01-04 16:00,8.19,38.42
2018-01-04 16:15,6.53,40.69
2018-01-04 16:30,5.02,39.97
2018-01-04 16:45,3.68,42.61
2018-01-04 17:00,2.30,42.51
2018-01-04 17:15,1.33,44.8
2018-01-04 17:30,0.66,43.92
2018-01-04 17:45,0.11,45.59
2018-01-04 18:00,0.00,44.17
2018-01-04 18:15,0.00,46.88
2018-01-04 18:30,0.00,48.8
2018-01-04 18:45,0.00,52.06
2018-01-04 19:00,0.00,50.69
2018-01-04 19:15,0.00,50.13
2018-01-04 19:30,0.00,50.46
2018-01-04 19:45,0.00,51.92
2018-01-04 20:00,0.00,50.95
2018-01-04 20:15,0.00,50.53
2018-01-04 20:30,0.00,49.77
2018-01-04 20:45,0.00,52.9
2018-01-04 21:00,0.00,53.67
2018-01-04 21:15,0.00,51.59
2018-01-04 21:30,0.00,53.84
2018-01-04 21:45,0.00,53.5
2018-01-04 22:00,0.00,56.38
2018-01-04 22:15,0.00,74.53
2018-01-04 22:30,0.00,60.5
2018-01-04 22:45,0.00,60.14
2018-01-04 23:00,0.00,58.01
2018-01-04 23:15,0.00,57.25
2018-01-04 23:30,0.00,59.5
2018-01-04 23:45,0.00,57.69
2018-01-05 00:00,0.00,57.54
2018-01-05 00:15,0.00,56.88
2018-01-05 00:30,0.00,56.14
2018-01-05 00:45,0.00,57.09
2018-01-05 01:00,0.00,56.14
2018-01-05 01:15,0.00,54.82
2018-01-05 01:30,0.00,54.66
2018-01-05 01:45,0.00,54
2018-01-05 02:00,0.00,54.93
2018-01-05 02:15,0.00,55.38
2018-01-05 02:30,0.00,54.35
2018-01-05 02:45,0.00,51.9
2018-01-05 03:00,0.00,51.58
2018-01-05 03:15,0.00,51.25
2018-01-05 03:30,0.00,51.01
2018-01-05 03:45,0.00,56.34
2018-01-05 04:00,0.00,50.13
2018-01-05 04:15,0.00,49.25
2018-01-05 04:30,0.00,48.93
2018-01-05 04:45,0.00,47.87
2018-01-05 05:00,0.00,48.59
2018-01-05 05:15,0.00,49.43
2018-01-05 05:30,0.00,49.48
2018-01-05 05:45,0.00,49.08
2018-01-05 06:00,0.00,50.48
2018-01-05 06:15,0.00,50.03
2018-01-05 06:30,0.03,49.56
2018-01-05 06:45,0.39,47.87
2018-01-05 07:00,1.03,46.34
2018-01-05 07:15,1.92,44.98
2018-01-05 07:30,3.02,46.03
2018-01-05 07:45,4.15,44.19
2018-01-05 08:00,5.50,41.16
2018-01-05 08:15,6.74,37.43
2018-01-05 08:30,7.94,38.05
2018-01-05 08:45,9.26,38.84
2018-01-05 09:00,10.46,36.82
2018-01-05 09:15,11.45,35.66
2018-01-05 09:30,12.70,33.97
2018-01-05 09:45,13.56,32.64
2018-01-05 10:00,14.34,31.85
2018-01-05 10:15,14.78,32.76
2018-01-05 10:30,15.49,33.35
2018-01-05 10:45,16.22,32.74
2018-01-05 11:00,17.20,32.16
2018-01-05 11:15,16.90,31.34
2018-01-05 11:30,17.07,31.34
2018-01-05 11:45,17.32,33.76
2018-01-05 12:00,18.06,33.56
2018-01-05 12:15,17.59,31.93
2018-01-05 12:30,17.17,32.06
2018-01-05 12:45,16.36,31.56
2018-01-05 13:00,17.24,33.06
2018-01-05 13:15,15.18,33.74
2018-01-05 13:30,16.05,36.53
2018-01-05 13:45,16.46,36.98
2018-01-05 14:00,15.39,37.64
2018-01-05 14:15,14.86,37.76
2018-01-05 14:30,14.41,36.84
2018-01-05 14:45,14.06,37.35
2018-01-05 15:00,13.63,38.21
2018-01-05 15:15,12.46,38.47
2018-01-05 15:30,8.90,43.26
2018-01-05 15:45,7.25,45.37
2018-01-05 16:00,7.28,42.85
2018-01-05 16:15,6.16,41.16
2018-01-05 16:30,5.05,42.61
2018-01-05 16:45,3.77,47.19
2018-01-05 17:00,2.43,48.96
2018-01-05 17:15,1.09,48.71
2018-01-05 17:30,0.58,49.08
2018-01-05 17:45,0.10,56.03
2018-01-05 18:00,0.00,64.21
2018-01-05 18:15,0.00,62.98
2018-01-05 18:30,0.00,56.79
2018-01-05 18:45,0.00,53.56
2018-01-05 19:00,0.00,53.96
2018-01-05 19:15,0.00,51.82
2018-01-05 19:30,0.00,52.51
2018-01-05 19:45,0.00,52.64
2018-01-05 20:00,0.00,52.74
2018-01-05 20:15,0.00,53.4
2018-01-05 20:30,0.00,54.72
2018-01-05 20:45,0.00,57.53
2018-01-05 21:00,0.00,58.38
2018-01-05 21:15,0.00,56.75
2018-01-05 21:30,0.00,59.85
2018-01-05 21:45,0.00,62.38
2018-01-05 22:00,0.00,58.9
2018-01-05 22:15,0.00,59.17
2018-01-05 22:30,0.00,58.63
2018-01-05 22:45,0.00,60.35
2018-01-05 23:00,0.00,58.9
2018-01-05 23:15,0.00,59.93
2018-01-05 23:30,0.00,59.87
2018-01-05 23:45,0.00,60.17
2018-01-06 00:00,0.00,61.24
2018-01-06 00:15,0.00,61.8
2018-01-06 00:30,0.00,62.14
2018-01-06 00:45,0.00,62.38
2018-01-06 01:00,0.00,63.03
2018-01-06 01:15,0.00,63.29
2018-01-06 01:30,0.00,61.08
2018-01-06 01:45,0.00,59.77
2018-01-06 02:00,0.00,60.13
2018-01-06 02:15,0.00,60.43
2018-01-06 02:30,0.00,60.71
2018-01-06 02:45,0.00,57.21
2018-01-06 03:00,0.00,56.84
2018-01-06 03:15,0.00,56.35
2018-01-06 03:30,0.00,56.37
2018-01-06 03:45,0.00,55.82
2018-01-06 04:00,0.00,55.25
2018-01-06 04:15,0.00,54.5
2018-01-06 04:30,0.00,54.48
2018-01-06 04:45,0.00,53.35
2018-01-06 05:00,0.00,53.84
2018-01-06 05:15,0.00,55.45
2018-01-06 05:30,0.00,56.46
2018-01-06 05:45,0.00,55.64
2018-01-06 06:00,0.00,53.87
2018-01-06 06:15,0.00,53.92
2018-01-06 06:30,0.00,52.63
2018-01-06 06:45,0.02,51.53
2018-01-06 07:00,0.30,51.25
2018-01-06 07:15,0.73,50.71
2018-01-06 07:30,1.10,50.29
2018-01-06 07:45,1.23,50.16
2018-01-06 08:00,2.10,53.38
2018-01-06 08:15,2.79,49.3
2018-01-06 08:30,2.99,48.75
2018-01-06 08:45,2.94,47.45
2018-01-06 09:00,4.71,46.24
2018-01-06 09:15,5.70,44.45
2018-01-06 09:30,7.90,45.29
2018-01-06 09:45,9.52,39.03
2018-01-06 10:00,10.32,41
2018-01-06 10:15,12.39,38.47
2018-01-06 10:30,11.54,35.22
2018-01-06 10:45,11.99,36.72
2018-01-06 11:00,9.18,35.77
2018-01-06 11:15,7.36,38.72
2018-01-06 11:30,9.56,40.37
2018-01-06 11:45,13.16,37.14
2018-01-06 12:00,14.20,36.87
2018-01-06 12:15,15.41,34.19
2018-01-06 12:30,17.08,33.35
2018-01-06 12:45,18.82,33.63
2018-01-06 13:00,14.64,33.61
2018-01-06 13:15,11.26,35.01
2018-01-06 13:30,9.29,37.05
2018-01-06 13:45,7.90,39.05
2018-01-06 14:00,6.82,40.55
2018-01-06 14:15,7.19,43.38
2018-01-06 14:30,10.57,39.92
2018-01-06 14:45,9.86,38.69
2018-01-06 15:00,11.43,38.37
2018-01-06 15:15,9.38,38.92
2018-01-06 15:30,6.54,41.21
2018-01-06 15:45,6.06,44.03
2018-01-06 16:00,5.17,45.87
2018-01-06 16:15,3.30,44.35
2018-01-06 16:30,1.21,47.8
2018-01-06 16:45,0.58,49.56
2018-01-06 17:00,0.42,49.66
2018-01-06 17:15,0.38,54.11
2018-01-06 17:30,0.26,52.84
2018-01-06 17:45,0.05,50.9
2018-01-06 18:00,0.00,52.25
2018-01-06 18:15,0.00,54.37
2018-01-06 18:30,0.00,55.87
2018-01-06 18:45,0.00,55.21
2018-01-06 19:00,0.00,54.58
2018-01-06 19:15,0.00,56.58
2018-01-06 19:30,0.00,58.37
2018-01-06 19:45,0.00,58.79
2018-01-06 20:00,0.00,60.54
2018-01-06 20:15,0.00,60.19
2018-01-06 20:30,0.00,61.48
2018-01-06 20:45,0.00,64.48
2018-01-06 21:00,0.00,64.46
2018-01-06 21:15,0.00,64.82
2018-01-06 21:30,0.00,67.54
2018-01-06 21:45,0.00,90.59
2018-01-06 22:00,0.00,97.14
2018-01-06 22:15,0.00,98.25
2018-01-06 22:30,0.00,101.19
2018-01-06 22:45,0.00,101.98
2018-01-06 23:00,0.00,102.57
2018-01-06 23:15,0.00,83.11
2018-01-06 23:30,0.00,89.75
2018-01-06 23:45,0.00,101.38
2018-01-07 00:00,0.00,99.72
2018-01-07 00:15,0.00,104.32
2018-01-07 00:30,0.00,106.67
2018-01-07 00:45,0.00,102.86
2018-01-07 01:00,0.00,100.67
2018-01-07 01:15,0.00,103.93
2018-01-07 01:30,0.00,100.4
2018-01-07 01:45,0.00,99.35
2018-01-07 02:00,0.00,90.64
2018-01-07 02:15,0.00,85.09
2018-01-07 02:30,0.00,95.17
2018-01-07 02:45,0.00,95.86
2018-01-07 03:00,0.00,97.25
2018-01-07 03:15,0.00,95.8
2018-01-07 03:30,0.00,96.2
2018-01-07 03:45,0.00,94.67
2018-01-07 04:00,0.00,93.01
2018-01-07 04:15,0.00,90.43
2018-01-07 04:30,0.00,85.77
2018-01-07 04:45,0.00,81.88
2018-01-07 05:00,0.00,66.98
2018-01-07 05:15,0.00,66.24
2018-01-07 05:30,0.00,68.54
2018-01-07 05:45,0.00,64.32
2018-01-07 06:00,0.00,64.58
2018-01-07 06:15,0.00,71.75
2018-01-07 06:30,0.00,86.49
2018-01-07 06:45,0.03,87.46
2018-01-07 07:00,0.94,87.7
2018-01-07 07:15,1.43,81.77
2018-01-07 07:30,1.29,78.48
2018-01-07 07:45,2.44,60.64
2018-01-07 08:00,3.42,54.25
2018-01-07 08:15,3.42,54.72
2018-01-07 08:30,6.12,53.85
2018-01-07 08:45,8.94,52.84
2018-01-07 09:00,7.94,52.67
2018-01-07 09:15,6.14,52.66
2018-01-07 09:30,6.86,51.9
2018-01-07 09:45,5.04,51.82
2018-01-07 10:00,8.41,50.74
2018-01-07 10:15,11.06,49.8
2018-01-07 10:30,13.95,46.9
2018-01-07 10:45,7.82,47.59
2018-01-07 11:00,14.23,51.4
2018-01-07 11:15,8.06,46.43
2018-01-07 11:30,18.88,51.64
2018-01-07 11:45,18.06,42.37
2018-01-07 12:00,13.71,42.82
2018-01-07 12:15,19.82,44.71
2018-01-07 12:30,17.15,42.85
2018-01-07 12:45,8.96,43.14
2018-01-07 13:00,14.30,45.67
2018-01-07 13:15,10.93,42.9
2018-01-07 13:30,12.14,48.77
2018-01-07 13:45,10.40,48.82
2018-01-07 14:00,13.30,48.92
2018-01-07 14:15,9.93,49.11
2018-01-07 14:30,11.55,49.51
2018-01-07 14:45,12.81,51.42
2018-01-07 15:00,14.98,53.54
2018-01-07 15:15,13.58,52.22
2018-01-07 15:30,12.30,55.3
2018-01-07 15:45,8.95,57.56
2018-01-07 16:00,9.00,61.27
2018-01-07 16:15,6.01,62.21
2018-01-07 16:30,5.45,62.21
2018-01-07 16:45,5.27,60.53
2018-01-07 17:00,3.75,58.69
2018-01-07 17:15,2.71,60.16
2018-01-07 17:30,1.76,61.74
2018-01-07 17:45,0.62,62.4
2018-01-07 18:00,0.09,69.77
2018-01-07 18:15,0.00,94.09
2018-01-07 18:30,0.00,97.91
2018-01-07 18:45,0.00,98.25
2018-01-07 19:00,0.00,108.49
2018-01-07 19:15,0.00,109.25
2018-01-07 19:30,0.00,113.8
2018-01-07 19:45,0.00,105.27
2018-01-07 20:00,0.00,122.88
2018-01-07 20:15,0.00,122.59
2018-01-07 20:30,0.00,130.12
2018-01-07 20:45,0.00,108.25
2018-01-07 21:00,0.00,137.25
2018-01-07 21:15,0.00,144.14
2018-01-07 21:30,0.00,153.89
2018-01-07 21:45,0.00,167.49
2018-01-07 22:00,0.00,174.23
2018-01-07 22:15,0.00,190.94
2018-01-07 22:30,0.00,195.46
2018-01-07 22:45,0.00,199.29
2018-01-07 23:00,0.00,203.15
2018-01-07 23:15,0.00,206.91
2018-01-07 23:30,0.00,212.34
2018-01-07 23:45,0.00,216.21
2018-01-08 00:00,0.00,221.32
2018-01-08 00:15,0.00,227.79
2018-01-08 00:30,0.00,226.28
2018-01-08 00:45,0.00,222.42
2018-01-08 01:00,0.00,222.73
2018-01-08 01:15,0.00,216.74
2018-01-08 01:30,0.00,211.87
2018-01-08 01:45,0.00,204.66
2018-01-08 02:00,0.00,203.75
2018-01-08 02:15,0.00,203.68
2018-01-08 02:30,0.00,196.07
2018-01-08 02:45,0.00,192.47
2018-01-08 03:00,0.00,188.62
2018-01-08 03:15,0.00,186.1
2018-01-08 03:30,0.00,183.57
2018-01-08 03:45,0.00,181.81
2018-01-08 04:00,0.00,178.42
2018-01-08 04:15,0.00,173.18
2018-01-08 04:30,0.00,167.89
2018-01-08 04:45,0.00,166.59
2018-01-08 05:00,0.00,164.8
2018-01-08 05:15,0.00,166.41
2018-01-08 05:30,0.00,164.36
2018-01-08 05:45,0.00,163.09
2018-01-08 06:00,0.00,159.6
2018-01-08 06:15,0.00,160.25
2018-01-08 06:30,0.00,159.17
2018-01-08 06:45,0.04,155.67
2018-01-08 07:00,0.37,151.97
2018-01-08 07:15,0.64,154.17
2018-01-08 07:30,1.19,148.67
2018-01-08 07:45,2.02,142.91
2018-01-08 08:00,2.86,140.36
2018-01-08 08:15,3.79,136.25
2018-01-08 08:30,4.79,132.73
2018-01-08 08:45,6.72,123.94
2018-01-08 09:00,4.33,111.04
2018-01-08 09:15,5.43,100.64
2018-01-08 09:30,10.09,84.91
2018-01-08 09:45,5.21,76.08
2018-01-08 10:00,4.90,74.74
2018-01-08 10:15,5.74,77.24
2018-01-08 10:30,5.71,70.96
2018-01-08 10:45,4.89,69.72
2018-01-08 11:00,4.94,74.88
2018-01-08 11:15,4.54,71.83
2018-01-08 11:30,8.63,71.27
2018-01-08 11:45,13.35,68.21
2018-01-08 12:00,13.82,68.38
2018-01-08 12:15,12.12,69.9
2018-01-08 12:30,10.40,70.37
2018-01-08 12:45,13.25,70.59
2018-01-08 13:00,10.94,66.24
2018-01-08 13:15,12.39,68.33
2018-01-08 13:30,14.97,69.41
2018-01-08 13:45,8.57,72.54
2018-01-08 14:00,15.01,81.22
2018-01-08 14:15,11.26,81.43
2018-01-08 14:30,12.86,86.12
2018-01-08 14:45,5.99,84.78
2018-01-08 15:00,10.92,91.75
2018-01-08 15:15,9.64,92.69
2018-01-08 15:30,8.86,94.57
2018-01-08 15:45,3.98,95.67
2018-01-08 16:00,4.87,106.06
2018-01-08 16:15,2.87,100.17
2018-01-08 16:30,3.68,100.11
2018-01-08 16:45,2.33,98.32
2018-01-08 17:00,1.39,100.91
2018-01-08 17:15,0.76,108.27
2018-01-08 17:30,0.54,109.83
2018-01-08 17:45,0.26,109.12
2018-01-08 18:00,0.01,112.35
2018-01-08 18:15,0.00,117.98
2018-01-08 18:30,0.00,118.36
2018-01-08 18:45,0.00,120.75
2018-01-08 19:00,0.00,117.93
2018-01-08 19:15,0.00,122.44
2018-01-08 19:30,0.00,126.59
2018-01-08 19:45,0.00,131.75
2018-01-08 20:00,0.00,142.22
2018-01-08 20:15,0.00,143.64
2018-01-08 20:30,0.00,149.31
2018-01-08 20:45,0.00,155.31
2018-01-08 21:00,0.00,161.86
2018-01-08 21:15,0.00,163.57
2018-01-08 21:30,0.00,170.13
2018-01-08 21:45,0.00,172.52
2018-01-08 22:00,0.00,181.81
2018-01-08 22:15,0.00,198.18
2018-01-08 22:30,0.00,210.62
2018-01-08 22:45,0.00,212.34
2018-01-08 23:00,0.00,220.87
2018-01-08 23:15,0.00,227.2
2018-01-08 23:30,0.00,234.94
2018-01-08 23:45,0.00,242.08
2018-01-09 00:00,0.00,239.02
2018-01-09 00:15,0.00,240.16
2018-01-09 00:30,0.00,241.73
2018-01-09 00:45,0.00,238.92
2018-01-09 01:00,0.00,238.76
2018-01-09 01:15,0.00,228.53
2018-01-09 01:30,0.00,222.16
2018-01-09 01:45,0.00,210.45
2018-01-09 02:00,0.00,211.31
2018-01-09 02:15,0.00,209.08
2018-01-09 02:30,0.00,201.89
2018-01-09 02:45,0.00,197.54
2018-01-09 03:00,0.00,191.91
2018-01-09 03:15,0.00,186.63
2018-01-09 03:30,0.00,185.71
2018-01-09 03:45,0.00,181.57
2018-01-09 04:00,0.00,178.17
2018-01-09 04:15,0.00,175.52
2018-01-09 04:30,0.00,176.13
2018-01-09 04:45,0.00,172.25
2018-01-09 05:00,0.00,171.55
2018-01-09 05:15,0.00,171.99
2018-01-09 05:30,0.00,173.68
2018-01-09 05:45,0.00,169.02
2018-01-09 06:00,0.00,168.1
2018-01-09 06:15,0.00,166.57
2018-01-09 06:30,0.00,164.34
2018-01-09 06:45,0.13,159.25
2018-01-09 07:00,0.63,165.92
2018-01-09 07:15,1.43,166.97
2018-01-09 07:30,2.53,162.38
2018-01-09 07:45,3.95,157.78
2018-01-09 08:00,5.29,155.15
2018-01-09 08:15,6.56,148.97
2018-01-09 08:30,8.09,149.04
2018-01-09 08:45,9.31,138.97
2018-01-09 09:00,10.70,121.57
2018-01-09 09:15,11.98,104.56
2018-01-09 09:30,12.90,92.12
2018-01-09 09:45,13.21,85.77
2018-01-09 10:00,14.39,81.22
2018-01-09 10:15,14.98,74.4
2018-01-09 10:30,15.97,72.87
2018-01-09 10:45,14.43,68.21
2018-01-09 11:00,17.04,65.72
2018-01-09 11:15,17.50,60.04
2018-01-09 11:30,17.92,59.66
2018-01-09 11:45,18.27,64.72
2018-01-09 12:00,18.15,66.37
2018-01-09 12:15,15.67,70.21
2018-01-09 12:30,19.26,73.66
2018-01-09 12:45,17.94,72.04
2018-01-09 13:00,10.78,77.77
2018-01-09 13:15,8.98,89.27
2018-01-09 13:30,8.82,87.32
2018-01-09 13:45,5.74,90.32
2018-01-09 14:00,14.85,90.45
2018-01-09 14:15,14.48,83.25
2018-01-09 14:30,14.70,89.48
2018-01-09 14:45,13.61,93.56
2018-01-09 15:00,13.84,94.03
2018-01-09 15:15,13.13,98.49
2018-01-09 15:30,10.01,107.54
2018-01-09 15:45,4.26,107.75
2018-01-09 16:00,1.76,116.09
2018-01-09 16:15,1.23,116.17
2018-01-09 16:30,0.60,113.93
2018-01-09 16:45,0.52,110.32
2018-01-09 17:00,0.76,112.06
2018-01-09 17:15,0.79,113.32
2018-01-09 17:30,0.91,117.22
2018-01-09 17:45,0.62,117.9
2018-01-09 18:00,0.06,120.67
2018-01-09 18:15,0.00,125.1
2018-01-09 18:30,0.00,125.1
2018-01-09 18:45,0.00,124.27
2018-01-09 19:00,0.00,125.01
2018-01-09 19:15,0.00,125.91
2018-01-09 19:30,0.00,124.8
2018-01-09 19:45,0.00,126.57
2018-01-09 20:00,0.00,132.39
2018-01-09 20:15,0.00,144.43
2018-01-09 20:30,0.00,149.26
2018-01-09 20:45,0.00,153.55
2018-01-09 21:00,0.00,162.81
2018-01-09 21:15,0.00,172.26
2018-01-09 21:30,0.00,178.42
2018-01-09 21:45,0.00,182.09
2018-01-09 22:00,0.00,193.31
2018-01-09 22:15,0.00,204.49
2018-01-09 22:30,0.00,213.84
2018-01-09 22:45,0.00,219.65
2018-01-09 23:00,0.00,229.74
2018-01-09 23:15,0.00,245.15
2018-01-09 23:30,0.00,250.95
2018-01-09 23:45,0.00,253.98
2018-01-10 00:00,0.00,253.32
2018-01-10 00:15,0.00,254.69
2018-01-10 00:30,0.00,257.53
2018-01-10 00:45,0.00,257.97
2018-01-10 01:00,0.00,254.02
2018-01-10 01:15,0.00,250.23
2018-01-10 01:30,0.00,240.08
2018-01-10 01:45,0.00,233.74
2018-01-10 02:00,0.00,232.63
2018-01-10 02:15,0.00,226.94
2018-01-10 02:30,0.00,223.1
2018-01-10 02:45,0.00,217.31
2018-01-10 03:00,0.00,213.2
2018-01-10 03:15,0.00,212.76
2018-01-10 03:30,0.00,206.66
2018-01-10 03:45,0.00,203.54
2018-01-10 04:00,0.00,200.18
2018-01-10 04:15,0.00,194.76
2018-01-10 04:30,0.00,190.94
2018-01-10 04:45,0.00,188.1
2018-01-10 05:00,0.00,186.47
2018-01-10 05:15,0.00,182.73
2018-01-10 05:30,0.00,182.46
2018-01-10 05:45,0.00,180.63
2018-01-10 06:00,0.00,176.23
2018-01-10 06:15,0.00,174.21
2018-01-10 06:30,0.00,174.02
2018-01-10 06:45,0.00,170.71
2018-01-10 07:00,0.00,171.57
2018-01-10 07:15,0.00,172.26
2018-01-10 07:30,0.00,170.3
2018-01-10 07:45,0.00,164.23
2018-01-10 08:00,0.00,152.09
2018-01-10 08:15,0.00,143.81
2018-01-10 08:30,0.00,138.25
2018-01-10 08:45,0.09,133.59
2018-01-10 09:00,0.28,121.75
2018-01-10 09:15,0.42,105.56
2018-01-10 09:30,0.44,97.49
2018-01-10 09:45,0.41,85.64
2018-01-10 10:00,0.43,81.3
2018-01-10 10:15,0.69,79.4
2018-01-10 10:30,1.42,82.03
2018-01-10 10:45,2.04,79.32
2018-01-10 11:00,2.52,82.82
2018-01-10 11:15,2.76,77.32
2018-01-10 11:30,3.36,74.8
2018-01-10 11:45,5.46,69.5
2018-01-10 12:00,4.39,69.5
2018-01-10 12:15,2.89,67.75
2018-01-10 12:30,2.26,74.45
2018-01-10 12:45,5.15,69.01
2018-01-10 13:00,6.69,64.19
2018-01-10 13:15,9.03,62.08
2018-01-10 13:30,9.10,63
2018-01-10 13:45,8.94,61.85
2018-01-10 14:00,6.36,64.3
2018-01-10 14:15,3.62,67.83
2018-01-10 14:30,1.73,70.16
2018-01-10 14:45,4.08,71.06
2018-01-10 15:00,5.06,71.04
2018-01-10 15:15,4.26,68.45
2018-01-10 15:30,3.18,71.16
2018-01-10 15:45,1.26,73.75
2018-01-10 16:00,1.20,76.45
2018-01-10 16:15,1.56,78.54
2018-01-10 16:30,1.66,78.96
2018-01-10 16:45,1.53,78.04
2018-01-10 17:00,1.33,78.45
2018-01-10 17:15,1.22,85.75
2018-01-10 17:30,0.65,86.24
2018-01-10 17:45,0.29,81.49
2018-01-10 18:00,0.00,86.53
2018-01-10 18:15,0.00,91.93
2018-01-10 18:30,0.00,89.72
2018-01-10 18:45,0.00,94.56
2018-01-10 19:00,0.00,91.99
2018-01-10 19:15,0.00,94.48
2018-01-10 19:30,0.00,99.54
2018-01-10 19:45,0.00,98.98
2018-01-10 20:00,0.00,101.88
2018-01-10 20:15,0.00,105.07
2018-01-10 20:30,0.00,108.11
2018-01-10 20:45,0.00,111.06
2018-01-10 21:00,0.00,114.33
2018-01-10 21:15,0.00,118.99
2018-01-10 21:30,0.00,127.64
2018-01-10 21:45,0.00,128.02
2018-01-10 22:00,0.00,129.39
2018-01-10 22:15,0.00,137.73
2018-01-10 22:30,0.00,145.22
2018-01-10 22:45,0.00,144.85
2018-01-10 23:00,0.00,142.1
2018-01-10 23:15,0.00,139.62
2018-01-10 23:30,0.00,141.27
2018-01-10 23:45,0.00,144.83
2018-01-11 00:00,0.00,149.26
2018-01-11 00:15,0.00,147.43
2018-01-11 00:30,0.00,141.2
2018-01-11 00:45,0.00,149.12
2018-01-11 01:00,0.00,144.7
2018-01-11 01:15,0.00,138.25
2018-01-11 01:30,0.00,130.22
2018-01-11 01:45,0.00,129.07
2018-01-11 02:00,0.00,123.04
2018-01-11 02:15,0.00,117.94
2018-01-11 02:30,0.00,114.94
2018-01-11 02:45,0.00,113.61
2018-01-11 03:00,0.00,110.36
2018-01-11 03:15,0.00,105.86
2018-01-11 03:30,0.00,102.28
2018-01-11 03:45,0.00,104.12
2018-01-11 04:00,0.00,101.51
2018-01-11 04:15,0.00,99.36
2018-01-11 04:30,0.00,98.19
2018-01-11 04:45,0.00,95.66
2018-01-11 05:00,0.00,94.9
2018-01-11 05:15,0.00,92.35
2018-01-11 05:30,0.00,91.88
2018-01-11 05:45,0.00,91.51
2018-01-11 06:00,0.00,94.59
2018-01-11 06:15,0.00,91.17
2018-01-11 06:30,0.00,95.16
2018-01-11 06:45,0.12,93.86
2018-01-11 07:00,0.56,98.53
2018-01-11 07:15,1.18,108.99
2018-01-11 07:30,1.78,109.88
2018-01-11 07:45,1.88,109.62
2018-01-11 08:00,1.74,102.03
2018-01-11 08:15,1.73,104.4
2018-01-11 08:30,2.18,108.98
2018-01-11 08:45,2.50,105.64
2018-01-11 09:00,2.98,96.24
2018-01-11 09:15,4.06,86.48
2018-01-11 09:30,7.75,76.93
2018-01-11 09:45,8.44,70.82
2018-01-11 10:00,14.50,66.75
2018-01-11 10:15,16.53,59.5
2018-01-11 10:30,17.51,60.17
2018-01-11 10:45,19.06,54.75
2018-01-11 11:00,15.09,53.98
2018-01-11 11:15,10.57,55.85
2018-01-11 11:30,11.45,59.63
2018-01-11 11:45,12.34,60.51
2018-01-11 12:00,8.56,53.11
2018-01-11 12:15,7.68,60.14
2018-01-11 12:30,7.74,60.48
2018-01-11 12:45,6.46,60.27
2018-01-11 13:00,9.44,66.11
2018-01-11 13:15,14.14,63.45
2018-01-11 13:30,8.30,53.92
2018-01-11 13:45,8.45,56.79
2018-01-11 14:00,8.06,57.21
2018-01-11 14:15,7.86,60.29
2018-01-11 14:30,8.68,56.29
2018-01-11 14:45,11.07,57.24
2018-01-11 15:00,9.07,57.88
2018-01-11 15:15,10.66,61.96
2018-01-11 15:30,11.20,58.61
2018-01-11 15:45,10.82,62.59
2018-01-11 16:00,9.22,62.37
2018-01-11 16:15,7.75,64.67
2018-01-11 16:30,6.71,66.17
2018-01-11 16:45,5.19,71.03
2018-01-11 17:00,3.48,73.09
2018-01-11 17:15,2.10,78.54
2018-01-11 17:30,1.18,75.37
2018-01-11 17:45,0.45,75.25
2018-01-11 18:00,0.03,79.59
2018-01-11 18:15,0.00,85.49
2018-01-11 18:30,0.00,88.51
2018-01-11 18:45,0.00,92.75
2018-01-11 19:00,0.00,91.87
2018-01-11 19:15,0.00,89.93
2018-01-11 19:30,0.00,92.43
2018-01-11 19:45,0.00,94.14
2018-01-11 20:00,0.00,97.51
2018-01-11 20:15,0.00,100.22
2018-01-11 20:30,0.00,103.09
2018-01-11 20:45,0.00,106.12
2018-01-11 21:00,0.00,112.46
2018-01-11 21:15,0.00,113.77
2018-01-11 21:30,0.00,118.56
2018-01-11 21:45,0.00,119.77
2018-01-11 22:00,0.00,123.02
2018-01-11 22:15,0.00,127.14
2018-01-11 22:30,0.00,130.93
2018-01-11 22:45,0.00,128.65
2018-01-11 23:00,0.00,125.7
2018-01-11 23:15,0.00,130.52
2018-01-11 23:30,0.00,130.54
2018-01-11 23:45,0.00,130.62
2018-01-12 00:00,0.00,132.28
2018-01-12 00:15,0.00,129.28
2018-01-12 00:30,0.00,130.98
2018-01-12 00:45,0.00,127.44
2018-01-12 01:00,0.00,121.78
2018-01-12 01:15,0.00,120.23
2018-01-12 01:30,0.00,113.86
2018-01-12 01:45,0.00,106.32
2018-01-12 02:00,0.00,102.8
2018-01-12 02:15,0.00,99.01
2018-01-12 02:30,0.00,97.8
2018-01-12 02:45,0.00,94.46
2018-01-12 03:00,0.00,94.14
2018-01-12 03:15,0.00,91.62
2018-01-12 03:30,0.00,88.28
2018-01-12 03:45,0.00,87.7
2018-01-12 04:00,0.00,83.2
2018-01-12 04:15,0.00,81.46
2018-01-12 04:30,0.00,82.88
2018-01-12 04:45,0.00,80.32
2018-01-12 05:00,0.00,80.3
2018-01-12 05:15,0.00,79.77
2018-01-12 05:30,0.00,81.67
2018-01-12 05:45,0.00,81.29
2018-01-12 06:00,0.00,81.49
2018-01-12 06:15,0.00,88.09
2018-01-12 06:30,0.00,85.28
2018-01-12 06:45,0.07,90.16
2018-01-12 07:00,0.62,99.96
2018-01-12 07:15,1.49,103.59
2018-01-12 07:30,1.94,106.12
2018-01-12 07:45,3.29,109.25
2018-01-12 08:00,3.78,90.78
2018-01-12 08:15,6.99,91.33
2018-01-12 08:30,4.82,95.12
2018-01-12 08:45,7.80,87.83
2018-01-12 09:00,10.21,77.91
2018-01-12 09:15,12.84,65.53
2018-01-12 09:30,13.68,56.25
2018-01-12 09:45,14.66,54
2018-01-12 10:00,15.50,48.17
2018-01-12 10:15,16.82,51.61
2018-01-12 10:30,16.22,47.67
2018-01-12 10:45,11.75,49.21
2018-01-12 11:00,12.38,50.16
2018-01-12 11:15,14.27,46.59
2018-01-12 11:30,12.61,41.58
2018-01-12 11:45,14.29,47.92
2018-01-12 12:00,16.67,47.93
2018-01-12 12:15,17.22,43.09
2018-01-12 12:30,11.39,45.69
2018-01-12 12:45,17.84,48.82
2018-01-12 13:00,18.81,42.48
2018-01-12 13:15,17.10,42.87
2018-01-12 13:30,15.04,44.51
2018-01-12 13:45,17.99,44.22
2018-01-12 14:00,19.69,42.71
2018-01-12 14:15,17.74,43.74
2018-01-12 14:30,15.82,44.11
2018-01-12 14:45,14.29,49.61
2018-01-12 15:00,15.19,49.92
2018-01-12 15:15,11.48,46.5
2018-01-12 15:30,12.70,53.95
2018-01-12 15:45,11.20,55.06
2018-01-12 16:00,9.45,54.45
2018-01-12 16:15,6.46,59.45
2018-01-12 16:30,5.02,60.87
2018-01-12 16:45,4.73,61.04
2018-01-12 17:00,3.42,60.33
2018-01-12 17:15,1.95,62.72
2018-01-12 17:30,1.49,62.92
2018-01-12 17:45,0.59,63.72
2018-01-12 18:00,0.05,65.71
2018-01-12 18:15,0.00,71.56
2018-01-12 18:30,0.00,72.93
2018-01-12 18:45,0.00,77.08
2018-01-12 19:00,0.00,74.08
2018-01-12 19:15,0.00,76.64
2018-01-12 19:30,0.00,72.72
2018-01-12 19:45,0.00,73.25
2018-01-12 20:00,0.00,74.98
2018-01-12 20:15,0.00,72.04
2018-01-12 20:30,0.00,71.58
2018-01-12 20:45,0.00,73.87
2018-01-12 21:00,0.00,75.37
2018-01-12 21:15,0.00,77.37
2018-01-12 21:30,0.00,78.41
2018-01-12 21:45,0.00,80.19
2018-01-12 22:00,0.00,82.88
2018-01-12 22:15,0.00,89.57
2018-01-12 22:30,0.00,91.77
2018-01-12 22:45,0.00,91.22
2018-01-12 23:00,0.00,89.09
2018-01-12 23:15,0.00,84.11
2018-01-12 23:30,0.00,90.83
2018-01-12 23:45,0.00,88.28
2018-01-13 00:00,0.00,86.46
2018-01-13 00:15,0.00,85.19
2018-01-13 00:30,0.00,86.04
2018-01-13 00:45,0.00,82.03
2018-01-13 01:00,0.00,79.3
2018-01-13 01:15,0.00,74.87
2018-01-13 01:30,0.00,72.33
2018-01-13 01:45,0.00,68.46
2018-01-13 02:00,0.00,68.69
2018-01-13 02:15,0.00,66.38
2018-01-13 02:30,0.00,64.25
2018-01-13 02:45,0.00,61.42
2018-01-13 03:00,0.00,60.38
2018-01-13 03:15,0.00,60.88
2018-01-13 03:30,0.00,61.17
2018-01-13 03:45,0.00,59.79
2018-01-13 04:00,0.00,57.84
2018-01-13 04:15,0.00,56.58
2018-01-13 04:30,0.00,56.8
2018-01-13 04:45,0.00,55.29
2018-01-13 05:00,0.00,53.54
2018-01-13 05:15,0.00,56.8
2018-01-13 05:30,0.00,57.03
2018-01-13 05:45,0.00,55.48
2018-01-13 06:00,0.00,54.01
2018-01-13 06:15,0.00,54.74
2018-01-13 06:30,0.03,52.72
2018-01-13 06:45,0.21,53.4
2018-01-13 07:00,0.83,56.88
2018-01-13 07:15,2.25,52.34
2018-01-13 07:30,4.18,56.06
2018-01-13 07:45,5.97,57.27
2018-01-13 08:00,7.35,59.38
2018-01-13 08:15,7.90,54.29
2018-01-13 08:30,8.37,55.3
2018-01-13 08:45,6.97,55.11
2018-01-13 09:00,10.56,54.66
2018-01-13 09:15,11.06,53
2018-01-13 09:30,11.42,48.71
2018-01-13 09:45,7.69,49.13
2018-01-13 10:00,5.62,48.79
2018-01-13 10:15,6.81,56.69
2018-01-13 10:30,10.43,52.11
2018-01-13 10:45,14.94,44.21
2018-01-13 11:00,15.15,40.19
2018-01-13 11:15,18.97,41.63
2018-01-13 11:30,20.11,35.48
2018-01-13 11:45,18.06,40.13
2018-01-13 12:00,18.93,40.03
2018-01-13 12:15,20.36,37.95
2018-01-13 12:30,17.41,37.35
2018-01-13 12:45,18.02,38.88
2018-01-13 13:00,19.76,36.24
2018-01-13 13:15,19.54,35.43
2018-01-13 13:30,19.03,35.87
2018-01-13 13:45,18.52,35.48
2018-01-13 14:00,17.92,36.71
2018-01-13 14:15,17.17,36.32
2018-01-13 14:30,16.77,37.03
2018-01-13 14:45,15.95,39.97
2018-01-13 15:00,14.90,38.11
2018-01-13 15:15,13.83,39.9
2018-01-13 15:30,12.62,40.32
2018-01-13 15:45,11.35,43.58
2018-01-13 16:00,9.83,45.01
2018-01-13 16:15,8.62,44
2018-01-13 16:30,7.02,46.4
2018-01-13 16:45,5.49,44.37
2018-01-13 17:00,4.08,46.05
2018-01-13 17:15,2.54,51.24
2018-01-13 17:30,1.24,52.45
2018-01-13 17:45,0.42,52.46
2018-01-13 18:00,0.05,58.92
2018-01-13 18:15,0.00,62.95
2018-01-13 18:30,0.00,66.21
2018-01-13 18:45,0.00,71.69
2018-01-13 19:00,0.00,68.91
2018-01-13 19:15,0.00,68.38
2018-01-13 19:30,0.00,69.17
2018-01-13 19:45,0.00,68.54
2018-01-13 20:00,0.00,66.79
2018-01-13 20:15,0.00,67.92
2018-01-13 20:30,0.00,67.01
2018-01-13 20:45,0.00,66.46
2018-01-13 21:00,0.00,69.11
2018-01-13 21:15,0.00,69.9
2018-01-13 21:30,0.00,66.09
2018-01-13 21:45,0.00,69.27
2018-01-13 22:00,0.00,72.04
2018-01-13 22:15,0.00,73.54
2018-01-13 22:30,0.00,67.92
2018-01-13 22:45,0.00,73.45
2018-01-13 23:00,0.00,71.09
2018-01-13 23:15,0.00,70.22
2018-01-13 23:30,0.00,73.45
2018-01-13 23:45,0.00,71.29
2018-01-14 00:00,0.00,68.11
2018-01-14 00:15,0.00,65.4
2018-01-14 00:30,0.00,63.61
2018-01-14 00:45,0.00,65.42
2018-01-14 01:00,0.00,63.82
2018-01-14 01:15,0.00,63.11
2018-01-14 01:30,0.00,58.33
2018-01-14 01:45,0.00,58.11
2018-01-14 02:00,0.00,57.29
2018-01-14 02:15,0.00,55.67
2018-01-14 02:30,0.00,54.93
2018-01-14 02:45,0.00,53.37
2018-01-14 03:00,0.00,51.25
2018-01-14 03:15,0.00,52.87
2018-01-14 03:30,0.00,49.63
2018-01-14 03:45,0.00,48.3
2018-01-14 04:00,0.00,46.45
2018-01-14 04:15,0.00,47.11
2018-01-14 04:30,0.00,45.71
2018-01-14 04:45,0.00,45.16
2018-01-14 05:00,0.00,45.48
2018-01-14 05:15,0.00,45.56
2018-01-14 05:30,0.00,47.38
2018-01-14 05:45,0.00,48.69
2018-01-14 06:00,0.00,48.05
2018-01-14 06:15,0.00,48.01
2018-01-14 06:30,0.00,44.85
2018-01-14 06:45,0.17,43.85
2018-01-14 07:00,0.56,44.82
2018-01-14 07:15,0.98,57.29
2018-01-14 07:30,2.09,57.59
2018-01-14 07:45,3.76,56.16
2018-01-14 08:00,5.08,51.93
2018-01-14 08:15,5.98,57.34
2018-01-14 08:30,7.94,57.88
2018-01-14 08:45,9.53,59.75
2018-01-14 09:00,11.18,56.29
2018-01-14 09:15,13.76,56.13
2018-01-14 09:30,13.67,57.3
2018-01-14 09:45,15.32,58.96
2018-01-14 10:00,16.17,61.59
2018-01-14 10:15,16.16,59.42
2018-01-14 10:30,16.82,54.63
2018-01-14 10:45,17.69,53.25
2018-01-14 11:00,18.70,50.8
2018-01-14 11:15,19.04,52.72
2018-01-14 11:30,19.27,51.82
2018-01-14 11:45,19.78,52.53
2018-01-14 12:00,19.78,53.29
2018-01-14 12:15,19.86,50.48
2018-01-14 12:30,20.07,47.69
2018-01-14 12:45,19.51,45.09
2018-01-14 13:00,16.46,44.4
2018-01-14 13:15,19.51,45.37
2018-01-14 13:30,18.27,43.79
2018-01-14 13:45,17.93,45.92
2018-01-14 14:00,17.98,41.05
2018-01-14 14:15,16.36,43.21
2018-01-14 14:30,16.64,45.17
2018-01-14 14:45,15.72,44.72
2018-01-14 15:00,14.98,46.08
2018-01-14 15:15,13.48,47.37
2018-01-14 15:30,12.60,48.34
2018-01-14 15:45,11.58,52.4
2018-01-14 16:00,8.58,56.16
2018-01-14 16:15,6.59,55.13
2018-01-14 16:30,6.09,57.38
2018-01-14 16:45,4.71,59.14
2018-01-14 17:00,2.49,62.09
2018-01-14 17:15,1.43,64.95
2018-01-14 17:30,0.91,64.35
2018-01-14 17:45,0.41,62.33
2018-01-14 18:00,0.02,70.35
2018-01-14 18:15,0.00,72.83
2018-01-14 18:30,0.00,75.32
2018-01-14 18:45,0.00,73.4
2018-01-14 19:00,0.00,73.93
2018-01-14 19:15,0.00,79.16
2018-01-14 19:30,0.00,76.66
2018-01-14 19:45,0.00,80.61
2018-01-14 20:00,0.00,81.75
2018-01-14 20:15,0.00,84.22
2018-01-14 20:30,0.00,87.28
2018-01-14 20:45,0.00,92.62
2018-01-14 21:00,0.00,88.7
2018-01-14 21:15,0.00,87.96
2018-01-14 21:30,0.00,86.24
2018-01-14 21:45,0.00,89.3
2018-01-14 22:00,0.00,89.22
2018-01-14 22:15,0.00,95.91
2018-01-14 22:30,0.00,101.41
2018-01-14 22:45,0.00,104.4
2018-01-14 23:00,0.00,100.75
2018-01-14 23:15,0.00,103.86
2018-01-14 23:30,0.00,105.06
2018-01-14 23:45,0.00,104.77
2018-01-15 00:00,0.00,108.36
2018-01-15 00:15,0.00,105.41
2018-01-15 00:30,0.00,105.48
2018-01-15 00:45,0.00,103.48
2018-01-15 01:00,0.00,97.32
2018-01-15 01:15,0.00,92.59
2018-01-15 01:30,0.00,90.8
2018-01-15 01:45,0.00,90.24
2018-01-15 02:00,0.00,85.46
2018-01-15 02:15,0.00,83.56
2018-01-15 02:30,0.00,76.87
2018-01-15 02:45,0.00,73.91
2018-01-15 03:00,0.00,74.04
2018-01-15 03:15,0.00,72.03
2018-01-15 03:30,0.00,69.58
2018-01-15 03:45,0.00,68.8
2018-01-15 04:00,0.00,67.48
2018-01-15 04:15,0.00,66.88
2018-01-15 04:30,0.00,65.06
2018-01-15 04:45,0.00,64.21
2018-01-15 05:00,0.00,63.27
2018-01-15 05:15,0.00,65.92
2018-01-15 05:30,0.00,67.38
2018-01-15 05:45,0.00,67.25
2018-01-15 06:00,0.00,69.72
2018-01-15 06:15,0.00,69.91
2018-01-15 06:30,0.00,67.3
2018-01-15 06:45,0.08,66.74
2018-01-15 07:00,0.53,70.79
2018-01-15 07:15,1.08,75.16
2018-01-15 07:30,2.11,86.11
2018-01-15 07:45,3.49,87.25
2018-01-15 08:00,4.45,85.58
2018-01-15 08:15,5.67,90.19
2018-01-15 08:30,9.10,94.32
2018-01-15 08:45,10.14,86.01
2018-01-15 09:00,11.46,81.29
2018-01-15 09:15,11.93,70.09
2018-01-15 09:30,13.02,59.54
2018-01-15 09:45,8.66,56.29
2018-01-15 10:00,11.11,56.87
2018-01-15 10:15,10.06,48.16
2018-01-15 10:30,14.66,49.8
2018-01-15 10:45,13.66,50.38
2018-01-15 11:00,7.81,47.46
2018-01-15 11:15,15.28,56.67
2018-01-15 11:30,15.47,45.4
2018-01-15 11:45,13.94,48.74
2018-01-15 12:00,13.70,50.61
2018-01-15 12:15,12.68,50.17
2018-01-15 12:30,13.35,50.66
2018-01-15 12:45,18.16,47.95
2018-01-15 13:00,20.25,40.84
2018-01-15 13:15,18.83,42.45
2018-01-15 13:30,17.08,44.92
2018-01-15 13:45,19.04,47.29
2018-01-15 14:00,18.25,50.8
2018-01-15 14:15,15.25,54.56
2018-01-15 14:30,13.94,54.84
2018-01-15 14:45,10.27,61.4
2018-01-15 15:00,5.86,60.5
2018-01-15 15:15,5.61,64.03
2018-01-15 15:30,7.50,65.04
2018-01-15 15:45,11.28,60.88
2018-01-15 16:00,7.38,58.01
2018-01-15 16:15,5.70,64.83
2018-01-15 16:30,4.75,67
2018-01-15 16:45,3.47,67.79
2018-01-15 17:00,3.56,67.46
2018-01-15 17:15,1.91,72.82
2018-01-15 17:30,1.16,75.33
2018-01-15 17:45,0.44,76.25
2018-01-15 18:00,0.02,79.82
2018-01-15 18:15,0.00,81.51
2018-01-15 18:30,0.00,83.37
2018-01-15 18:45,0.00,86.41
2018-01-15 19:00,0.00,85.99
2018-01-15 19:15,0.00,87.75
2018-01-15 19:30,0.00,93.99
2018-01-15 19:45,0.00,98.32
2018-01-15 20:00,0.00,93.41
2018-01-15 20:15,0.00,97.95
2018-01-15 20:30,0.00,103.99
2018-01-15 20:45,0.00,109.96
2018-01-15 21:00,0.00,109.17
2018-01-15 21:15,0.00,109.78
2018-01-15 21:30,0.00,113.53
2018-01-15 21:45,0.00,117.46
2018-01-15 22:00,0.00,121.25
2018-01-15 22:15,0.00,121.81
2018-01-15 22:30,0.00,125.38
2018-01-15 22:45,0.00,128.46
2018-01-15 23:00,0.00,125.7
2018-01-15 23:15,0.00,127.91
2018-01-15 23:30,0.00,131.62
2018-01-15 23:45,0.00,138.75
2018-01-16 00:00,0.00,134.49
2018-01-16 00:15,0.00,127.83
2018-01-16 00:30,0.00,130.49
2018-01-16 00:45,0.00,126.15
2018-01-16 01:00,0.00,119.51
2018-01-16 01:15,0.00,112.96
2018-01-16 01:30,0.00,107.72
2018-01-16 01:45,0.00,108.72
2018-01-16 02:00,0.00,102.95
2018-01-16 02:15,0.00,97.17
2018-01-16 02:30,0.00,94.45
2018-01-16 02:45,0.00,93.61
2018-01-16 03:00,0.00,91.83
2018-01-16 03:15,0.00,89.64
2018-01-16 03:30,0.00,85.82
2018-01-16 03:45,0.00,83.85
2018-01-16 04:00,0.00,82.12
2018-01-16 04:15,0.00,82.32
2018-01-16 04:30,0.00,80.08
2018-01-16 04:45,0.00,80.87
2018-01-16 05:00,0.00,77.96
2018-01-16 05:15,0.00,80.96
2018-01-16 05:30,0.00,81.41
2018-01-16 05:45,0.00,81.96
2018-01-16 06:00,0.00,80.16
2018-01-16 06:15,0.00,82.09
2018-01-16 06:30,0.00,82.12
2018-01-16 06:45,0.10,88.24
2018-01-16 07:00,0.49,92.96
2018-01-16 07:15,0.76,99.91
2018-01-16 07:30,1.06,113.88
2018-01-16 07:45,2.09,112.53
2018-01-16 08:00,4.18,102.95
2018-01-16 08:15,5.48,101.96
2018-01-16 08:30,2.80,115.14
2018-01-16 08:45,2.90,109.64
2018-01-16 09:00,5.79,97.93
2018-01-16 09:15,6.72,77.79
2018-01-16 09:30,7.22,66.64
2018-01-16 09:45,6.74,65.61
2018-01-16 10:00,7.51,59.45
2018-01-16 10:15,8.96,63.98
2018-01-16 10:30,14.38,56.5
2018-01-16 10:45,17.02,49.29
2018-01-16 11:00,17.58,45.74
2018-01-16 11:15,18.05,43.43
2018-01-16 11:30,18.56,44.03
2018-01-16 11:45,18.87,48.67
2018-01-16 12:00,18.39,43.22
2018-01-16 12:15,17.51,44.84
2018-01-16 12:30,16.92,53.66
2018-01-16 12:45,18.24,53.8
2018-01-16 13:00,17.91,49.66
2018-01-16 13:15,17.67,50.93
2018-01-16 13:30,17.52,50.63
2018-01-16 13:45,17.30,51.71
2018-01-16 14:00,16.94,55
2018-01-16 14:15,15.30,55.45
2018-01-16 14:30,14.34,58.75
2018-01-16 14:45,13.78,61.35
2018-01-16 15:00,13.13,62.4
2018-01-16 15:15,12.14,67.08
2018-01-16 15:30,10.59,64.72
2018-01-16 15:45,9.59,65.37
2018-01-16 16:00,8.49,68.19
2018-01-16 16:15,7.02,64.54
2018-01-16 16:30,5.76,68.33
2018-01-16 16:45,4.28,66.96
2018-01-16 17:00,3.25,69.71
2018-01-16 17:15,2.11,76.16
2018-01-16 17:30,1.10,74.51
2018-01-16 17:45,0.42,77
2018-01-16 18:00,0.04,80.95
2018-01-16 18:15,0.00,85.4
2018-01-16 18:30,0.00,85.61
2018-01-16 18:45,0.00,88.57
2018-01-16 19:00,0.00,92.51
2018-01-16 19:15,0.00,96.86
2018-01-16 19:30,0.00,101.14
2018-01-16 19:45,0.00,106.24
2018-01-16 20:00,0.00,107.72
2018-01-16 20:15,0.00,109.8
2018-01-16 20:30,0.00,110.67
2018-01-16 20:45,0.00,113.03
2018-01-16 21:00,0.00,117.51
2018-01-16 21:15,0.00,120.09
2018-01-16 21:30,0.00,125.09
2018-01-16 21:45,0.00,122.49
2018-01-16 22:00,0.00,133.62
2018-01-16 22:15,0.00,144.89
2018-01-16 22:30,0.00,146.64
2018-01-16 22:45,0.00,153.14
2018-01-16 23:00,0.00,150.36
2018-01-16 23:15,0.00,150.97
2018-01-16 23:30,0.00,156.7
2018-01-16 23:45,0.00,166.18
2018-01-17 00:00,0.00,167.13
2018-01-17 00:15,0.00,162.91
2018-01-17 00:30,0.00,163.07
2018-01-17 00:45,0.00,161.78
2018-01-17 01:00,0.00,160.88
2018-01-17 01:15,0.00,150.89
2018-01-17 01:30,0.00,142.88
2018-01-17 01:45,0.00,133.52
2018-01-17 02:00,0.00,136.96
2018-01-17 02:15,0.00,131.73
2018-01-17 02:30,0.00,129.44
2018-01-17 02:45,0.00,123.2
2018-01-17 03:00,0.00,119.83
2018-01-17 03:15,0.00,118.8
2018-01-17 03:30,0.00,115.91
2018-01-17 03:45,0.00,111.54
2018-01-17 04:00,0.00,110.2
2018-01-17 04:15,0.00,106.44
2018-01-17 04:30,0.00,104.64
2018-01-17 04:45,0.00,102.48
2018-01-17 05:00,0.00,101.86
2018-01-17 05:15,0.00,103.61
2018-01-17 05:30,0.00,108.12
2018-01-17 05:45,0.00,106.8
2018-01-17 06:00,0.00,103.51
2018-01-17 06:15,0.00,109.06
2018-01-17 06:30,0.00,108.12
2018-01-17 06:45,0.10,106.8
2018-01-17 07:00,0.55,115.65
2018-01-17 07:15,1.25,114.02
2018-01-17 07:30,2.20,127.57
2018-01-17 07:45,3.44,119.91
2018-01-17 08:00,4.84,119.27
2018-01-17 08:15,6.06,121.01
2018-01-17 08:30,7.25,119.17
2018-01-17 08:45,8.70,113.65
2018-01-17 09:00,10.00,103.06
2018-01-17 09:15,11.11,89.8
2018-01-17 09:30,11.93,80.27
2018-01-17 09:45,12.83,72.51
2018-01-17 10:00,13.82,67.4
2018-01-17 10:15,14.51,70.32
2018-01-17 10:30,15.18,67.43
2018-01-17 10:45,16.24,61.54
2018-01-17 11:00,16.98,57.63
2018-01-17 11:15,17.14,55.61
2018-01-17 11:30,17.70,57.16
2018-01-17 11:45,16.31,57.98
2018-01-17 12:00,12.88,56.38
2018-01-17 12:15,17.38,59.17
2018-01-17 12:30,17.27,55.51
2018-01-17 12:45,13.37,53.93
2018-01-17 13:00,11.20,59.22
2018-01-17 13:15,16.82,61.35
2018-01-17 13:30,14.55,62.3
2018-01-17 13:45,16.55,61.19
2018-01-17 14:00,13.21,62.14
2018-01-17 14:15,14.65,64.87
2018-01-17 14:30,12.53,64.95
2018-01-17 14:45,13.28,67.54
2018-01-17 15:00,14.06,66.06
2018-01-17 15:15,12.09,63.88
2018-01-17 15:30,10.46,73.98
2018-01-17 15:45,9.56,72.82
2018-01-17 16:00,8.02,71.61
2018-01-17 16:15,6.95,71.38
2018-01-17 16:30,5.32,70.72
2018-01-17 16:45,4.26,76.75
2018-01-17 17:00,3.24,75.61
2018-01-17 17:15,2.06,76.91
2018-01-17 17:30,1.04,80.27
2018-01-17 17:45,0.41,81.54
2018-01-17 18:00,0.04,84.3
2018-01-17 18:15,0.00,87.7
2018-01-17 18:30,0.00,92.62
2018-01-17 18:45,0.00,97.01
2018-01-17 19:00,0.00,97.8
2018-01-17 19:15,0.00,102.17
2018-01-17 19:30,0.00,108.12
2018-01-17 19:45,0.00,108.99
2018-01-17 20:00,0.00,112.86
2018-01-17 20:15,0.00,115.72
2018-01-17 20:30,0.00,121.4
2018-01-17 20:45,0.00,123.11
2018-01-17 21:00,0.00,130.23
2018-01-17 21:15,0.00,134.94
2018-01-17 21:30,0.00,140.65
2018-01-17 21:45,0.00,143.41
2018-01-17 22:00,0.00,150.8
2018-01-17 22:15,0.00,161.8
2018-01-17 22:30,0.00,170.65
2018-01-17 22:45,0.00,167.12
2018-01-17 23:00,0.00,168.39
2018-01-17 23:15,0.00,177.09
2018-01-17 23:30,0.00,184.46
2018-01-17 23:45,0.00,181.6
2018-01-18 00:00,0.00,186.23
2018-01-18 00:15,0.00,186.97
2018-01-18 00:30,0.00,186.65
2018-01-18 00:45,0.00,188.58
2018-01-18 01:00,0.00,186.29
2018-01-18 01:15,0.00,189.08
2018-01-18 01:30,0.00,182.07
2018-01-18 01:45,0.00,177.04
2018-01-18 02:00,0.00,164.09
2018-01-18 02:15,0.00,160.05
2018-01-18 02:30,0.00,159.89
2018-01-18 02:45,0.00,153.52
2018-01-18 03:00,0.00,149.44
2018-01-18 03:15,0.00,143.15
2018-01-18 03:30,0.00,143.1
2018-01-18 03:45,0.00,138.8
2018-01-18 04:00,0.00,137.51
2018-01-18 04:15,0.00,135.64
2018-01-18 04:30,0.00,131.01
2018-01-18 04:45,0.00,131.3
2018-01-18 05:00,0.00,129.59
2018-01-18 05:15,0.00,124.38
2018-01-18 05:30,0.00,122.51
2018-01-18 05:45,0.00,123.65
2018-01-18 06:00,0.00,121.7
2018-01-18 06:15,0.00,126.3
2018-01-18 06:30,0.00,125.15
2018-01-18 06:45,0.07,122.72
2018-01-18 07:00,0.38,122.25
2018-01-18 07:15,1.34,127.48
2018-01-18 07:30,1.74,130.59
2018-01-18 07:45,3.25,129.96
2018-01-18 08:00,4.36,124.9
2018-01-18 08:15,5.58,133.38
2018-01-18 08:30,7.07,140.17
2018-01-18 08:45,8.60,128.6
2018-01-18 09:00,10.14,117.52
2018-01-18 09:15,11.31,106.32
2018-01-18 09:30,12.19,95.64
2018-01-18 09:45,13.02,85.14
2018-01-18 10:00,14.06,79.59
2018-01-18 10:15,14.91,74.77
2018-01-18 10:30,15.86,74.4
2018-01-18 10:45,16.45,69.98
2018-01-18 11:00,16.80,66.8
2018-01-18 11:15,17.45,63.96
2018-01-18 11:30,17.90,59.4
2018-01-18 11:45,18.26,62.56
2018-01-18 12:00,18.26,57.53
2018-01-18 12:15,18.46,59.61
2018-01-18 12:30,18.35,61.98
2018-01-18 12:45,17.95,63.5
2018-01-18 13:00,11.94,65.77
2018-01-18 13:15,14.41,72.59
2018-01-18 13:30,18.55,65.92
2018-01-18 13:45,15.15,67.96
2018-01-18 14:00,11.87,71.12
2018-01-18 14:15,16.95,73.75
2018-01-18 14:30,7.87,70.3
2018-01-18 14:45,15.31,78.77
2018-01-18 15:00,10.70,73.22
2018-01-18 15:15,10.77,80.77
2018-01-18 15:30,8.73,79.46
2018-01-18 15:45,8.19,84.85
2018-01-18 16:00,6.03,91.77
2018-01-18 16:15,7.53,90.85
2018-01-18 16:30,6.05,87.16
2018-01-18 16:45,4.87,91.01
2018-01-18 17:00,3.18,93.36
2018-01-18 17:15,2.06,92.64
2018-01-18 17:30,1.22,94.57
2018-01-18 17:45,0.50,94.49
2018-01-18 18:00,0.06,100.3
2018-01-18 18:15,0.00,105.65
2018-01-18 18:30,0.00,105.56
2018-01-18 18:45,0.00,108.3
2018-01-18 19:00,0.00,107.01
2018-01-18 19:15,0.00,104.83
2018-01-18 19:30,0.00,105.11
2018-01-18 19:45,0.00,108.65
2018-01-18 20:00,0.00,117.72
2018-01-18 20:15,0.00,119.7
2018-01-18 20:30,0.00,124.86
2018-01-18 20:45,0.00,126.96
2018-01-18 21:00,0.00,134.02
2018-01-18 21:15,0.00,138.33
2018-01-18 21:30,0.00,143.57
2018-01-18 21:45,0.00,141.41
2018-01-18 22:00,0.00,146.31
2018-01-18 22:15,0.00,157.36
2018-01-18 22:30,0.00,159.97
2018-01-18 22:45,0.00,161.46
2018-01-18 23:00,0.00,161.49
2018-01-18 23:15,0.00,161.76
2018-01-18 23:30,0.00,164.68
2018-01-18 23:45,0.00,168.75
2018-01-19 00:00,0.00,174.02
2018-01-19 00:15,0.00,179.91
2018-01-19 00:30,0.00,210.53
2018-01-19 00:45,0.00,221.78
2018-01-19 01:00,0.00,224.44
2018-01-19 01:15,0.00,219.18
2018-01-19 01:30,0.00,210.73
2018-01-19 01:45,0.00,202.81
2018-01-19 02:00,0.00,196.39
2018-01-19 02:15,0.00,183.54
2018-01-19 02:30,0.00,178.38
2018-01-19 02:45,0.00,176.5
2018-01-19 03:00,0.00,169.65
2018-01-19 03:15,0.00,164.51
2018-01-19 03:30,0.00,160.34
2018-01-19 03:45,0.00,157.33
2018-01-19 04:00,0.00,152.62
2018-01-19 04:15,0.00,153.33
2018-01-19 04:30,0.00,146.89
2018-01-19 04:45,0.00,144.91
2018-01-19 05:00,0.00,142.14
2018-01-19 05:15,0.00,142.07
2018-01-19 05:30,0.00,138.65
2018-01-19 05:45,0.00,138.91
2018-01-19 06:00,0.00,136.72
2018-01-19 06:15,0.00,136.93
2018-01-19 06:30,0.00,135.7
2018-01-19 06:45,0.08,136.04
2018-01-19 07:00,0.47,135.78
2018-01-19 07:15,1.15,138.96
2018-01-19 07:30,2.10,140.67
2018-01-19 07:45,3.33,136.75
2018-01-19 08:00,4.81,135.81
2018-01-19 08:15,5.92,135.54
2018-01-19 08:30,7.46,137.23
2018-01-19 08:45,8.73,126.75
2018-01-19 09:00,10.37,117.86
2018-01-19 09:15,11.55,111.65
2018-01-19 09:30,12.54,92.46
2018-01-19 09:45,13.46,86.87
2018-01-19 10:00,14.36,83.09
2018-01-19 10:15,15.30,81.79
2018-01-19 10:30,15.84,76.64
2018-01-19 10:45,16.64,74.7
2018-01-19 11:00,17.04,71.67
2018-01-19 11:15,17.46,67.71
2018-01-19 11:30,18.29,66.3
2018-01-19 11:45,18.57,64.06
2018-01-19 12:00,18.62,62.29
2018-01-19 12:15,19.10,65.54
2018-01-19 12:30,18.88,67.24
2018-01-19 12:45,18.82,69.17
2018-01-19 13:00,18.32,69.11
2018-01-19 13:15,17.58,69.16
2018-01-19 13:30,18.42,69
2018-01-19 13:45,17.33,69.51
2018-01-19 14:00,17.36,77.91
2018-01-19 14:15,16.60,79.3
2018-01-19 14:30,15.20,77.8
2018-01-19 14:45,14.67,77.74
2018-01-19 15:00,13.82,74.41
2018-01-19 15:15,12.58,76.03
2018-01-19 15:30,11.64,79.99
2018-01-19 15:45,10.44,78.66
2018-01-19 16:00,9.14,83.61
2018-01-19 16:15,7.57,81.27
2018-01-19 16:30,6.34,80.43
2018-01-19 16:45,4.52,85.87
2018-01-19 17:00,3.20,87.53
2018-01-19 17:15,2.20,88.3
2018-01-19 17:30,1.12,91.01
2018-01-19 17:45,0.42,89.69
2018-01-19 18:00,0.05,89.88
2018-01-19 18:15,0.00,93.82
2018-01-19 18:30,0.00,98.78
2018-01-19 18:45,0.00,98.09
2018-01-19 19:00,0.00,96.8
2018-01-19 19:15,0.00,95.41
2018-01-19 19:30,0.00,97.28
2018-01-19 19:45,0.00,98.65
2018-01-19 20:00,0.00,104.4
2018-01-19 20:15,0.00,99.41
2018-01-19 20:30,0.00,98.28
2018-01-19 20:45,0.00,101.36
2018-01-19 21:00,0.00,106.82
2018-01-19 21:15,0.00,112.73
2018-01-19 21:30,0.00,111.88
2018-01-19 21:45,0.00,118.4
2018-01-19 22:00,0.00,119.8
2018-01-19 22:15,0.00,126.44
2018-01-19 22:30,0.00,138.39
2018-01-19 22:45,0.00,138.38
2018-01-19 23:00,0.00,136.85
2018-01-19 23:15,0.00,139.83
2018-01-19 23:30,0.00,145.6
2018-01-19 23:45,0.00,157.78
2018-01-20 00:00,0.00,153.6
2018-01-20 00:15,0.00,157.05
2018-01-20 00:30,0.00,161.22
2018-01-20 00:45,0.00,161.07
2018-01-20 01:00,0.00,156.91
2018-01-20 01:15,0.00,159.76
2018-01-20 01:30,0.00,156.99
2018-01-20 01:45,0.00,154.44
2018-01-20 02:00,0.00,146.52
2018-01-20 02:15,0.00,145.3
2018-01-20 02:30,0.00,142.89
2018-01-20 02:45,0.00,136.59
2018-01-20 03:00,0.00,134.31
2018-01-20 03:15,0.00,132.62
2018-01-20 03:30,0.00,131.31
2018-01-20 03:45,0.00,128.36
2018-01-20 04:00,0.00,125.46
2018-01-20 04:15,0.00,126.28
2018-01-20 04:30,0.00,121.02
2018-01-20 04:45,0.00,118.86
2018-01-20 05:00,0.00,119.01
2018-01-20 05:15,0.00,120.85
2018-01-20 05:30,0.00,118.61
2018-01-20 05:45,0.00,117.41
2018-01-20 06:00,0.00,114.82
2018-01-20 06:15,0.00,112.98
2018-01-20 06:30,0.00,110.56
2018-01-20 06:45,0.00,108.57
2018-01-20 07:00,0.09,109.62
2018-01-20 07:15,0.52,115.67
2018-01-20 07:30,0.86,112.17
2018-01-20 07:45,1.09,107.65
2018-01-20 08:00,1.23,115.43
2018-01-20 08:15,1.52,115.88
2018-01-20 08:30,1.42,124.3
2018-01-20 08:45,1.23,119.56
2018-01-20 09:00,1.88,116.3
2018-01-20 09:15,2.87,112.4
2018-01-20 09:30,4.42,109.23
2018-01-20 09:45,5.77,102.67
2018-01-20 10:00,5.44,101.25
2018-01-20 10:15,6.86,96.83
2018-01-20 10:30,8.11,91.17
2018-01-20 10:45,9.77,89.46
2018-01-20 11:00,11.54,85.11
2018-01-20 11:15,13.61,86.2
2018-01-20 11:30,13.45,83.17
2018-01-20 11:45,19.45,79.66
2018-01-20 12:00,19.18,76.25
2018-01-20 12:15,18.46,74.53
2018-01-20 12:30,18.15,69
2018-01-20 12:45,18.17,69.09
2018-01-20 13:00,18.17,69.24
2018-01-20 13:15,17.43,69.95
2018-01-20 13:30,16.55,74.45
2018-01-20 13:45,16.74,74.19
2018-01-20 14:00,16.35,80.46
2018-01-20 14:15,15.62,77.35
2018-01-20 14:30,14.80,77.27
2018-01-20 14:45,13.37,75.3
2018-01-20 15:00,13.34,82.58
2018-01-20 15:15,12.38,81.25
2018-01-20 15:30,11.29,79.99
2018-01-20 15:45,9.96,80.29
2018-01-20 16:00,8.62,73.96
2018-01-20 16:15,7.26,71.33
2018-01-20 16:30,5.94,70.41
2018-01-20 16:45,4.66,69.53
2018-01-20 17:00,3.42,69.66
2018-01-20 17:15,2.19,70.93
2018-01-20 17:30,1.16,71.85
2018-01-20 17:45,0.46,72.88
2018-01-20 18:00,0.08,74.17
2018-01-20 18:15,0.00,76.72
2018-01-20 18:30,0.00,75.82
2018-01-20 18:45,0.00,76.58
2018-01-20 19:00,0.00,77.96
2018-01-20 19:15,0.00,77.27
2018-01-20 19:30,0.00,80.79
2018-01-20 19:45,0.00,82.54
2018-01-20 20:00,0.00,84.9
2018-01-20 20:15,0.00,83.66
2018-01-20 20:30,0.00,87.95
2018-01-20 20:45,0.00,92.51
2018-01-20 21:00,0.00,95.49
2018-01-20 21:15,0.00,94.95
2018-01-20 21:30,0.00,96.38
2018-01-20 21:45,0.00,101.07
2018-01-20 22:00,0.00,95.46
2018-01-20 22:15,0.00,103.06
2018-01-20 22:30,0.00,108.15
2018-01-20 22:45,0.00,112.48
2018-01-20 23:00,0.00,107.74
2018-01-20 23:15,0.00,111.32
2018-01-20 23:30,0.00,112.3
2018-01-20 23:45,0.00,115.02
2018-01-21 00:00,0.00,117.15
2018-01-21 00:15,0.00,120.38
2018-01-21 00:30,0.00,122.65
2018-01-21 00:45,0.00,124.43
2018-01-21 01:00,0.00,118.69
2018-01-21 01:15,0.00,118.72
2018-01-21 01:30,0.00,118.01
2018-01-21 01:45,0.00,117.78
2018-01-21 02:00,0.00,113.94
2018-01-21 02:15,0.00,112.64
2018-01-21 02:30,0.00,110.33
2018-01-21 02:45,0.00,108.15
2018-01-21 03:00,0.00,106.04
2018-01-21 03:15,0.00,107.15
2018-01-21 03:30,0.00,107.32
2018-01-21 03:45,0.00,107.27
2018-01-21 04:00,0.00,102.56
2018-01-21 04:15,0.00,100.36
2018-01-21 04:30,0.00,97.53
2018-01-21 04:45,0.00,98.43
2018-01-21 05:00,0.00,99.96
2018-01-21 05:15,0.00,95.03
2018-01-21 05:30,0.00,96.33
2018-01-21 05:45,0.00,94.54
2018-01-21 06:00,0.00,93.82
2018-01-21 06:15,0.00,93.59
2018-01-21 06:30,0.00,93.35
2018-01-21 06:45,0.08,87.56
2018-01-21 07:00,0.50,84.37
2018-01-21 07:15,1.17,82.74
2018-01-21 07:30,2.02,79.91
2018-01-21 07:45,2.90,80.11
2018-01-21 08:00,3.88,80.08
2018-01-21 08:15,4.77,77.45
2018-01-21 08:30,6.38,75.32
2018-01-21 08:45,7.89,77.72
2018-01-21 09:00,9.46,72.82
2018-01-21 09:15,10.16,69.14
2018-01-21 09:30,11.25,70.32
2018-01-21 09:45,12.50,71.43
2018-01-21 10:00,13.69,69.27
2018-01-21 10:15,14.27,68.38
2018-01-21 10:30,14.54,65.56
2018-01-21 10:45,15.80,66.06
2018-01-21 11:00,16.68,66.53
2018-01-21 11:15,17.20,61.38
2018-01-21 11:30,17.51,56.8
2018-01-21 11:45,17.58,59.24
2018-01-21 12:00,18.10,61.06
2018-01-21 12:15,18.11,57.09
2018-01-21 12:30,18.22,53.34
2018-01-21 12:45,16.78,55.09
2018-01-21 13:00,11.68,57.11
2018-01-21 13:15,13.74,59.64
2018-01-21 13:30,17.58,58.3
2018-01-21 13:45,12.32,56.22
2018-01-21 14:00,7.70,58.14
2018-01-21 14:15,8.06,61.72
2018-01-21 14:30,15.18,60.14
2018-01-21 14:45,14.85,54.42
2018-01-21 15:00,13.10,57.16
2018-01-21 15:15,11.19,62.35
2018-01-21 15:30,9.70,66.09
2018-01-21 15:45,9.12,70.56
2018-01-21 16:00,7.38,69.87
2018-01-21 16:15,4.46,70.85
2018-01-21 16:30,3.60,74.75
2018-01-21 16:45,3.19,74.29
2018-01-21 17:00,1.90,72.85
2018-01-21 17:15,1.22,76.85
2018-01-21 17:30,0.57,79.77
2018-01-21 17:45,0.16,79.64
2018-01-21 18:00,0.00,82.85
2018-01-21 18:15,0.00,85.82
2018-01-21 18:30,0.00,89.46
2018-01-21 18:45,0.00,90.04
2018-01-21 19:00,0.00,89.22
2018-01-21 19:15,0.00,92.96
2018-01-21 19:30,0.00,91.16
2018-01-21 19:45,0.00,96.3
2018-01-21 20:00,0.00,95.59
2018-01-21 20:15,0.00,96.32
2018-01-21 20:30,0.00,96.32
2018-01-21 20:45,0.00,99.95
2018-01-21 21:00,0.00,101.3
2018-01-21 21:15,0.00,100.38
2018-01-21 21:30,0.00,104.85
2018-01-21 21:45,0.00,108.59
2018-01-21 22:00,0.00,112.19
2018-01-21 22:15,0.00,121.15
2018-01-21 22:30,0.00,128.23
2018-01-21 22:45,0.00,128.81
2018-01-21 23:00,0.00,122.8
2018-01-21 23:15,0.00,125.38
2018-01-21 23:30,0.00,126.56
2018-01-21 23:45,0.00,131.88
2018-01-22 00:00,0.00,130.09
2018-01-22 00:15,0.00,133.06
2018-01-22 00:30,0.00,133.72
2018-01-22 00:45,0.00,132.28
2018-01-22 01:00,0.00,134.96
2018-01-22 01:15,0.00,128.28
2018-01-22 01:30,0.00,130.44
2018-01-22 01:45,0.00,128.67
2018-01-22 02:00,0.00,125.22
2018-01-22 02:15,0.00,127.33
2018-01-22 02:30,0.00,126.14
2018-01-22 02:45,0.00,123.17
2018-01-22 03:00,0.00,120.27
2018-01-22 03:15,0.00,115.72
2018-01-22 03:30,0.00,113.77
2018-01-22 03:45,0.00,113.22
2018-01-22 04:00,0.00,111.85
2018-01-22 04:15,0.00,111.94
2018-01-22 04:30,0.00,109.28
2018-01-22 04:45,0.00,110.38
2018-01-22 05:00,0.00,109.25
2018-01-22 05:15,0.00,110.98
2018-01-22 05:30,0.00,109.01
2018-01-22 05:45,0.00,109.85
2018-01-22 06:00,0.00,109.99
2018-01-22 06:15,0.00,110.25
2018-01-22 06:30,0.00,106.51
2018-01-22 06:45,0.06,98.59
2018-01-22 07:00,0.45,99.59
2018-01-22 07:15,0.99,96.75
2018-01-22 07:30,1.59,94.77
2018-01-22 07:45,2.54,87.06
2018-01-22 08:00,3.51,83.9
2018-01-22 08:15,4.70,87.69
2018-01-22 08:30,5.88,88.35
2018-01-22 08:45,7.26,86.95
2018-01-22 09:00,8.33,84.38
2018-01-22 09:15,9.34,81.08
2018-01-22 09:30,10.54,79.64
2018-01-22 09:45,11.27,78.66
2018-01-22 10:00,12.02,74.62
2018-01-22 10:15,12.94,71.43
2018-01-22 10:30,13.52,76.51
2018-01-22 10:45,14.43,70.74
2018-01-22 11:00,14.91,68.87
2018-01-22 11:15,16.03,66.85
2018-01-22 11:30,16.65,64.56
2018-01-22 11:45,16.67,64.24
2018-01-22 12:00,17.01,69.64
2018-01-22 12:15,13.78,65.75
2018-01-22 12:30,12.86,69.9
2018-01-22 12:45,12.26,71.4
2018-01-22 13:00,14.12,68.71
2018-01-22 13:15,12.85,67.92
2018-01-22 13:30,8.22,75.8
2018-01-22 13:45,12.86,75.35
2018-01-22 14:00,10.84,73.61
2018-01-22 14:15,6.79,77.4
2018-01-22 14:30,8.52,76.22
2018-01-22 14:45,9.36,74.48
2018-01-22 15:00,10.97,71.56
2018-01-22 15:15,8.29,72.96
2018-01-22 15:30,3.46,77.27
2018-01-22 15:45,3.78,79.25
2018-01-22 16:00,6.77,76.7
2018-01-22 16:15,6.79,73.54
2018-01-22 16:30,5.71,72.48
2018-01-22 16:45,3.29,73.93
2018-01-22 17:00,2.34,75.45
2018-01-22 17:15,0.99,77.37
2018-01-22 17:30,0.34,81.41
2018-01-22 17:45,0.13,83.14
2018-01-22 18:00,0.00,84.46
2018-01-22 18:15,0.00,85.7
2018-01-22 18:30,0.00,90.07
2018-01-22 18:45,0.00,89.06
2018-01-22 19:00,0.00,89.98
2018-01-22 19:15,0.00,89.28
2018-01-22 19:30,0.00,89.07
2018-01-22 19:45,0.00,92.57
2018-01-22 20:00,0.00,94.48
2018-01-22 20:15,0.00,93.93
2018-01-22 20:30,0.00,95.64
2018-01-22 20:45,0.00,96.85
2018-01-22 21:00,0.00,101.95
2018-01-22 21:15,0.00,105.22
2018-01-22 21:30,0.00,106.2
2018-01-22 21:45,0.00,107.33
2018-01-22 22:00,0.00,108.9
2018-01-22 22:15,0.00,117.99
2018-01-22 22:30,0.00,121.48
2018-01-22 22:45,0.00,123.12
2018-01-22 23:00,0.00,121.81
2018-01-22 23:15,0.00,127.01
2018-01-22 23:30,0.00,128.77
2018-01-22 23:45,0.00,129.7
2018-01-23 00:00,0.00,127.9
2018-01-23 00:15,0.00,129.44
2018-01-23 00:30,0.00,132.14
2018-01-23 00:45,0.00,135.35
2018-01-23 01:00,0.00,134.93
2018-01-23 01:15,0.00,132.15
2018-01-23 01:30,0.00,131.44
2018-01-23 01:45,0.00,130.85
2018-01-23 02:00,0.00,129.91
2018-01-23 02:15,0.00,127.43
2018-01-23 02:30,0.00,125.88
2018-01-23 02:45,0.00,124.77
2018-01-23 03:00,0.00,123.98
2018-01-23 03:15,0.00,120.07
2018-01-23 03:30,0.00,122.19
2018-01-23 03:45,0.00,118.49
2018-01-23 04:00,0.00,117.75
2018-01-23 04:15,0.00,117.11
2018-01-23 04:30,0.00,114.38
2018-01-23 04:45,0.00,114.28
2018-01-23 05:00,0.00,113.43
2018-01-23 05:15,0.00,116.46
2018-01-23 05:30,0.00,119.01
2018-01-23 05:45,0.00,117.19
2018-01-23 06:00,0.00,113.32
2018-01-23 06:15,0.00,114.9
2018-01-23 06:30,0.00,108.99
2018-01-23 06:45,0.04,102.56
2018-01-23 07:00,0.43,105.38
2018-01-23 07:15,1.02,105.44
2018-01-23 07:30,1.52,99.91
2018-01-23 07:45,2.29,94.78
2018-01-23 08:00,4.28,94.83
2018-01-23 08:15,6.27,95.75
2018-01-23 08:30,5.10,90.27
2018-01-23 08:45,5.34,89.78
2018-01-23 09:00,7.06,89.17
2018-01-23 09:15,9.70,80.53
2018-01-23 09:30,10.79,77.08
2018-01-23 09:45,11.75,75.06
2018-01-23 10:00,12.40,77.56
2018-01-23 10:15,13.72,76.69
2018-01-23 10:30,14.14,72.8
2018-01-23 10:45,9.58,72.35
2018-01-23 11:00,13.74,77.7
2018-01-23 11:15,16.58,68.43
2018-01-23 11:30,11.49,65.88
2018-01-23 11:45,16.22,70.3
2018-01-23 12:00,13.49,67.04
2018-01-23 12:15,12.50,75.87
2018-01-23 12:30,16.55,74.9
2018-01-23 12:45,16.04,71.95
2018-01-23 13:00,9.46,71.01
2018-01-23 13:15,16.02,75.33
2018-01-23 13:30,9.31,76.3
2018-01-23 13:45,11.10,79.09
2018-01-23 14:00,7.46,76.25
2018-01-23 14:15,12.81,87.27
2018-01-23 14:30,10.62,82.85
2018-01-23 14:45,12.57,85.45
2018-01-23 15:00,12.18,79.32
2018-01-23 15:15,7.24,80.46
2018-01-23 15:30,2.84,85.78
2018-01-23 15:45,4.87,85.91
2018-01-23 16:00,2.64,82.32
2018-01-23 16:15,2.45,86.72
2018-01-23 16:30,2.70,84.62
2018-01-23 16:45,2.94,82.83
2018-01-23 17:00,2.55,83.03
2018-01-23 17:15,2.34,86.82
2018-01-23 17:30,1.62,78.74
2018-01-23 17:45,0.66,78.83
2018-01-23 18:00,0.10,81.16
2018-01-23 18:15,0.00,81.58
2018-01-23 18:30,0.00,87.12
2018-01-23 18:45,0.00,87.37
2018-01-23 19:00,0.00,84.54
2018-01-23 19:15,0.00,86.25
2018-01-23 19:30,0.00,85.48
2018-01-23 19:45,0.00,83.11
2018-01-23 20:00,0.00,89.19
2018-01-23 20:15,0.00,87.78
2018-01-23 20:30,0.00,87.77
2018-01-23 20:45,0.00,92.11
2018-01-23 21:00,0.00,95.41
2018-01-23 21:15,0.00,101.43
2018-01-23 21:30,0.00,105.4
2018-01-23 21:45,0.00,109.28
2018-01-23 22:00,0.00,109.14
2018-01-23 22:15,0.00,113.27
2018-01-23 22:30,0.00,116.77
2018-01-23 22:45,0.00,122.96
2018-01-23 23:00,0.00,123.88
2018-01-23 23:15,0.00,126.14
2018-01-23 23:30,0.00,130.75
2018-01-23 23:45,0.00,136.31
2018-01-24 00:00,0.00,130.46
2018-01-24 00:15,0.00,131.44
2018-01-24 00:30,0.00,133.07
2018-01-24 00:45,0.00,134.17
2018-01-24 01:00,0.00,133.6
2018-01-24 01:15,0.00,131.52
2018-01-24 01:30,0.00,130.98
2018-01-24 01:45,0.00,128.15
2018-01-24 02:00,0.00,129.43
2018-01-24 02:15,0.00,127.72
2018-01-24 02:30,0.00,124.56
2018-01-24 02:45,0.00,123.01
2018-01-24 03:00,0.00,121.78
2018-01-24 03:15,0.00,119.35
2018-01-24 03:30,0.00,116.3
2018-01-24 03:45,0.00,115.44
2018-01-24 04:00,0.00,113.96
2018-01-24 04:15,0.00,113.32
2018-01-24 04:30,0.00,114.25
2018-01-24 04:45,0.00,110.38
2018-01-24 05:00,0.00,108.46
2018-01-24 05:15,0.00,114.72
2018-01-24 05:30,0.00,112.67
2018-01-24 05:45,0.00,112.83
2018-01-24 06:00,0.00,112.96
2018-01-24 06:15,0.00,112.12
2018-01-24 06:30,0.00,113.11
2018-01-24 06:45,0.04,106.15
2018-01-24 07:00,0.35,106.85
2018-01-24 07:15,0.92,102.56
2018-01-24 07:30,1.81,98.38
2018-01-24 07:45,2.75,95.83
2018-01-24 08:00,3.59,95.14
2018-01-24 08:15,4.09,96.3
2018-01-24 08:30,5.37,96.22
2018-01-24 08:45,7.26,96.95
2018-01-24 09:00,8.37,96.98
2018-01-24 09:15,9.07,92.59
2018-01-24 09:30,9.22,91.2
2018-01-24 09:45,10.78,84.77
2018-01-24 10:00,11.44,73.96
2018-01-24 10:15,12.50,76.53
2018-01-24 10:30,10.74,68.93
2018-01-24 10:45,8.71,74.27
2018-01-24 11:00,8.72,69.93
2018-01-24 11:15,10.70,67.32
2018-01-24 11:30,14.22,62.38
2018-01-24 11:45,9.50,62.51
2018-01-24 12:00,10.28,69.4
2018-01-24 12:15,11.15,67.61
2018-01-24 12:30,10.62,65.71
2018-01-24 12:45,12.70,65.16
2018-01-24 13:00,4.75,64.32
2018-01-24 13:15,4.40,73.3
2018-01-24 13:30,5.10,70.72
2018-01-24 13:45,2.95,69.33
2018-01-24 14:00,1.68,72.67
2018-01-24 14:15,1.45,73.03
2018-01-24 14:30,0.62,69.33
2018-01-24 14:45,0.49,73.33
2018-01-24 15:00,0.38,71.45
2018-01-24 15:15,0.73,66.85
2018-01-24 15:30,1.14,68.22
2018-01-24 15:45,0.96,79.93
2018-01-24 16:00,0.86,74.82
2018-01-24 16:15,0.60,70.51
2018-01-24 16:30,0.97,71.09
2018-01-24 16:45,1.64,70.04
2018-01-24 17:00,1.11,73.82
2018-01-24 17:15,0.67,71.35
2018-01-24 17:30,0.23,74.19
2018-01-24 17:45,0.03,75.83
2018-01-24 18:00,0.00,77.29
2018-01-24 18:15,0.00,83.06
2018-01-24 18:30,0.00,82.11
2018-01-24 18:45,0.00,82.59
2018-01-24 19:00,0.00,81.62
2018-01-24 19:15,0.00,77.9
2018-01-24 19:30,0.00,74.85
2018-01-24 19:45,0.00,76.33
2018-01-24 20:00,0.00,79.32
2018-01-24 20:15,0.00,82.32
2018-01-24 20:30,0.00,88.17
2018-01-24 20:45,0.00,89.14
2018-01-24 21:00,0.00,93.69
2018-01-24 21:15,0.00,96.96
2018-01-24 21:30,0.00,94.59
2018-01-24 21:45,0.00,95.45
2018-01-24 22:00,0.00,93.82
2018-01-24 22:15,0.00,99.14
2018-01-24 22:30,0.00,105.06
2018-01-24 22:45,0.00,105.85
2018-01-24 23:00,0.00,106.09
2018-01-24 23:15,0.00,109.4
2018-01-24 23:30,0.00,109.8
2018-01-24 23:45,0.00,115.04
2018-01-25 00:00,0.00,113.3
2018-01-25 00:15,0.00,111.62
2018-01-25 00:30,0.00,111.56
2018-01-25 00:45,0.00,114.32
2018-01-25 01:00,0.00,113.3
2018-01-25 01:15,0.00,110.12
2018-01-25 01:30,0.00,109.51
2018-01-25 01:45,0.00,110.4
2018-01-25 02:00,0.00,107.4
2018-01-25 02:15,0.00,105.94
2018-01-25 02:30,0.00,102.2
2018-01-25 02:45,0.00,103.32
2018-01-25 03:00,0.00,102.28
2018-01-25 03:15,0.00,101.14
2018-01-25 03:30,0.00,99.9
2018-01-25 03:45,0.00,100.48
2018-01-25 04:00,0.00,97.49
2018-01-25 04:15,0.00,98.8
2018-01-25 04:30,0.00,95.27
2018-01-25 04:45,0.00,93.27
2018-01-25 05:00,0.00,92.41
2018-01-25 05:15,0.00,98.19
2018-01-25 05:30,0.00,94.86
2018-01-25 05:45,0.00,95.27
2018-01-25 06:00,0.00,98.28
2018-01-25 06:15,0.00,100.57
2018-01-25 06:30,0.00,94.11
2018-01-25 06:45,0.06,92.75
2018-01-25 07:00,0.46,91.06
2018-01-25 07:15,1.02,94.03
2018-01-25 07:30,2.15,87.87
2018-01-25 07:45,2.60,83.83
2018-01-25 08:00,3.93,86.62
2018-01-25 08:15,5.50,82.9
2018-01-25 08:30,6.05,83.27
2018-01-25 08:45,7.74,85.56
2018-01-25 09:00,8.87,81.62
2018-01-25 09:15,10.24,77.54
2018-01-25 09:30,11.54,73.01
2018-01-25 09:45,12.43,67.75
2018-01-25 10:00,12.10,70.9
2018-01-25 10:15,11.70,71.08
2018-01-25 10:30,10.18,68.01
2018-01-25 10:45,8.17,74
2018-01-25 11:00,12.65,72.85
2018-01-25 11:15,15.49,64.82
2018-01-25 11:30,14.15,63.61
2018-01-25 11:45,17.54,64.33
2018-01-25 12:00,13.03,57.29
2018-01-25 12:15,15.91,62.87
2018-01-25 12:30,13.54,69.54
2018-01-25 12:45,5.86,70.87
2018-01-25 13:00,6.14,70.93
2018-01-25 13:15,7.44,71.83
2018-01-25 13:30,6.58,75.14
2018-01-25 13:45,6.89,74.95
2018-01-25 14:00,5.36,71.3
2018-01-25 14:15,5.67,63.59
2018-01-25 14:30,9.34,57.09
2018-01-25 14:45,6.31,64.95
2018-01-25 15:00,3.70,67.8
2018-01-25 15:15,2.75,68.04
2018-01-25 15:30,3.15,67.04
2018-01-25 15:45,2.76,66.85
2018-01-25 16:00,1.46,63.9
2018-01-25 16:15,1.06,63.66
2018-01-25 16:30,1.25,61.5
2018-01-25 16:45,1.81,61.04
2018-01-25 17:00,2.20,59.74
2018-01-25 17:15,1.47,60.69
2018-01-25 17:30,0.73,62.27
2018-01-25 17:45,0.16,62.93
2018-01-25 18:00,0.00,63.45
2018-01-25 18:15,0.00,65
2018-01-25 18:30,0.00,64.09
2018-01-25 18:45,0.00,64.88
2018-01-25 19:00,0.00,64.04
2018-01-25 19:15,0.00,65.51
2018-01-25 19:30,0.00,67.83
2018-01-25 19:45,0.00,66.22
2018-01-25 20:00,0.00,65.03
2018-01-25 20:15,0.00,65.96
2018-01-25 20:30,0.00,66.24
2018-01-25 20:45,0.00,68.21
2018-01-25 21:00,0.00,70.75
2018-01-25 21:15,0.00,72.33
2018-01-25 21:30,0.00,71.41
2018-01-25 21:45,0.00,73.2
2018-01-25 22:00,0.00,73.43
2018-01-25 22:15,0.00,79.69
2018-01-25 22:30,0.00,78.16
2018-01-25 22:45,0.00,82.25
2018-01-25 23:00,0.00,78.54
2018-01-25 23:15,0.00,79.58
2018-01-25 23:30,0.00,79.03
2018-01-25 23:45,0.00,83.83
2018-01-26 00:00,0.00,86.4
2018-01-26 00:15,0.00,88.64
2018-01-26 00:30,0.00,87.49
2018-01-26 00:45,0.00,88.04
2018-01-26 01:00,0.00,85.41
2018-01-26 01:15,0.00,87.38
2018-01-26 01:30,0.00,85.37
2018-01-26 01:45,0.00,85.83
2018-01-26 02:00,0.00,85.27
2018-01-26 02:15,0.00,83.27
2018-01-26 02:30,0.00,82.17
2018-01-26 02:45,0.00,83.85
2018-01-26 03:00,0.00,84.24
2018-01-26 03:15,0.00,79.62
2018-01-26 03:30,0.00,80.12
2018-01-26 03:45,0.00,77.24
2018-01-26 04:00,0.00,76.3
2018-01-26 04:15,0.00,75.72
2018-01-26 04:30,0.00,74.93
2018-01-26 04:45,0.00,73.35
2018-01-26 05:00,0.00,73.17
2018-01-26 05:15,0.00,72.87
2018-01-26 05:30,0.00,73.9
2018-01-26 05:45,0.00,72.69
2018-01-26 06:00,0.00,73.61
2018-01-26 06:15,0.00,73.4
2018-01-26 06:30,0.00,71.77
2018-01-26 06:45,0.03,68.53
2018-01-26 07:00,0.46,67.24
2018-01-26 07:15,1.36,69.46
2018-01-26 07:30,2.14,68.79
2018-01-26 07:45,3.00,67.85
2018-01-26 08:00,4.20,65.72
2018-01-26 08:15,5.62,62.42
2018-01-26 08:30,5.66,67.66
2018-01-26 08:45,5.88,65.4
2018-01-26 09:00,7.18,65.27
2018-01-26 09:15,4.58,71.93
2018-01-26 09:30,4.71,64.93
2018-01-26 09:45,9.01,58.03
2018-01-26 10:00,9.74,56.37
2018-01-26 10:15,10.82,54.42
2018-01-26 10:30,14.10,55.98
2018-01-26 10:45,14.90,56.85
2018-01-26 11:00,15.53,55.74
2018-01-26 11:15,15.97,49.96
2018-01-26 11:30,16.49,50.01
2018-01-26 11:45,16.78,46.9
2018-01-26 12:00,17.96,47.3
2018-01-26 12:15,17.46,48.96
2018-01-26 12:30,16.08,52.38
2018-01-26 12:45,17.34,50.75
2018-01-26 13:00,12.89,48.72
2018-01-26 13:15,13.20,56.42
2018-01-26 13:30,13.16,56.35
2018-01-26 13:45,15.37,57.45
2018-01-26 14:00,15.68,56.34
2018-01-26 14:15,14.73,60.19
2018-01-26 14:30,13.44,60.09
2018-01-26 14:45,10.45,63.21
2018-01-26 15:00,11.33,59.4
2018-01-26 15:15,10.27,61.03
2018-01-26 15:30,8.48,63.29
2018-01-26 15:45,7.15,59.9
2018-01-26 16:00,5.65,57.82
2018-01-26 16:15,5.14,61.27
2018-01-26 16:30,3.28,60.74
2018-01-26 16:45,2.24,63.22
2018-01-26 17:00,1.94,60.93
2018-01-26 17:15,1.55,59.63
2018-01-26 17:30,0.90,55.93
2018-01-26 17:45,0.42,55.09
2018-01-26 18:00,0.04,57.72
2018-01-26 18:15,0.00,60.01
2018-01-26 18:30,0.00,58.46
2018-01-26 18:45,0.00,59.43
2018-01-26 19:00,0.00,60.19
2018-01-26 19:15,0.00,57.71
2018-01-26 19:30,0.00,55.69
2018-01-26 19:45,0.00,56.24
2018-01-26 20:00,0.00,57.67
2018-01-26 20:15,0.00,55.19
2018-01-26 20:30,0.00,59.98
2018-01-26 20:45,0.00,59.4
2018-01-26 21:00,0.00,58.92
2018-01-26 21:15,0.00,60.11
2018-01-26 21:30,0.00,61.21
2018-01-26 21:45,0.00,65.46
2018-01-26 22:00,0.00,64.75
2018-01-26 22:15,0.00,68
2018-01-26 22:30,0.00,68.53
2018-01-26 22:45,0.00,70.29
2018-01-26 23:00,0.00,71.79
2018-01-26 23:15,0.00,74.16
2018-01-26 23:30,0.00,77.54
2018-01-26 23:45,0.00,78.62
2018-01-27 00:00,0.00,81.91
2018-01-27 00:15,0.00,83.56
2018-01-27 00:30,0.00,83.3
2018-01-27 00:45,0.00,84.49
2018-01-27 01:00,0.00,86.77
2018-01-27 01:15,0.00,84.77
2018-01-27 01:30,0.00,83.41
2018-01-27 01:45,0.00,79.35
2018-01-27 02:00,0.00,81.22
2018-01-27 02:15,0.00,79.83
2018-01-27 02:30,0.00,78.48
2018-01-27 02:45,0.00,78.43
2018-01-27 03:00,0.00,77.67
2018-01-27 03:15,0.00,76.77
2018-01-27 03:30,0.00,76.75
2018-01-27 03:45,0.00,74.95
2018-01-27 04:00,0.00,73.38
2018-01-27 04:15,0.00,72.51
2018-01-27 04:30,0.00,72.25
2018-01-27 04:45,0.00,71.88
2018-01-27 05:00,0.00,73.24
2018-01-27 05:15,0.00,71.8
2018-01-27 05:30,0.00,71.14
2018-01-27 05:45,0.00,70.61
2018-01-27 06:00,0.00,70.62
2018-01-27 06:15,0.00,72.03
2018-01-27 06:30,0.00,72.08
2018-01-27 06:45,0.06,71.46
2018-01-27 07:00,0.48,69.09
2018-01-27 07:15,0.88,73.08
2018-01-27 07:30,1.19,72.54
2018-01-27 07:45,1.54,68.83
2018-01-27 08:00,2.14,70.74
2018-01-27 08:15,3.71,67.83
2018-01-27 08:30,4.31,67.04
2018-01-27 08:45,6.30,72.77
2018-01-27 09:00,7.79,74.43
2018-01-27 09:15,9.83,72.88
2018-01-27 09:30,8.66,62.69
2018-01-27 09:45,8.46,56.79
2018-01-27 10:00,7.51,56.87
2018-01-27 10:15,11.77,58.3
2018-01-27 10:30,13.53,55.3
2018-01-27 10:45,11.19,51.06
2018-01-27 11:00,8.09,51.05
2018-01-27 11:15,5.04,49.06
2018-01-27 11:30,9.56,54.21
2018-01-27 11:45,9.45,49.14
2018-01-27 12:00,6.53,48.05
2018-01-27 12:15,5.62,44.56
2018-01-27 12:30,5.90,43.45
2018-01-27 12:45,9.01,41.69
2018-01-27 13:00,10.55,39.16
2018-01-27 13:15,11.47,36.4
2018-01-27 13:30,11.94,37.72
2018-01-27 13:45,10.91,35.93
2018-01-27 14:00,9.90,38.51
2018-01-27 14:15,6.94,41.74
2018-01-27 14:30,8.42,42.38
2018-01-27 14:45,6.25,41.19
2018-01-27 15:00,7.89,42.93
2018-01-27 15:15,8.58,42.51
2018-01-27 15:30,7.83,42.58
2018-01-27 15:45,6.58,41.71
2018-01-27 16:00,5.29,41.71
2018-01-27 16:15,5.46,42.95
2018-01-27 16:30,4.96,45.53
2018-01-27 16:45,3.31,44.45
2018-01-27 17:00,2.99,46.98
2018-01-27 17:15,2.30,44.69
2018-01-27 17:30,1.49,44.8
2018-01-27 17:45,0.80,49.84
2018-01-27 18:00,0.14,48.16
2018-01-27 18:15,0.00,51.17
2018-01-27 18:30,0.00,52.14
2018-01-27 18:45,0.00,51.55
2018-01-27 19:00,0.00,51.19
2018-01-27 19:15,0.00,53.75
2018-01-27 19:30,0.00,53.34
2018-01-27 19:45,0.00,54.48
2018-01-27 20:00,0.00,52.22
2018-01-27 20:15,0.00,50.43
2018-01-27 20:30,0.00,49.34
2018-01-27 20:45,0.00,51.4
2018-01-27 21:00,0.00,51.34
2018-01-27 21:15,0.00,53.46
2018-01-27 21:30,0.00,53.92
2018-01-27 21:45,0.00,56.27
2018-01-27 22:00,0.00,55.96
2018-01-27 22:15,0.00,57.37
2018-01-27 22:30,0.00,57.56
2018-01-27 22:45,0.00,59.14
2018-01-27 23:00,0.00,63.82
2018-01-27 23:15,0.00,63.66
2018-01-27 23:30,0.00,66.22
2018-01-27 23:45,0.00,67.12
2018-01-28 00:00,0.00,67.12
2018-01-28 00:15,0.00,67.92
2018-01-28 00:30,0.00,70.29
2018-01-28 00:45,0.00,70.87
2018-01-28 01:00,0.00,70.93
2018-01-28 01:15,0.00,72.01
2018-01-28 01:30,0.00,72.27
2018-01-28 01:45,0.00,72.64
2018-01-28 02:00,0.00,68.74
2018-01-28 02:15,0.00,66.33
2018-01-28 02:30,0.00,65.22
2018-01-28 02:45,0.00,65.83
2018-01-28 03:00,0.00,65.46
2018-01-28 03:15,0.00,65.32
2018-01-28 03:30,0.00,64.66
2018-01-28 03:45,0.00,63.95
2018-01-28 04:00,0.00,63.11
2018-01-28 04:15,0.00,62.69
2018-01-28 04:30,0.00,62.82
2018-01-28 04:45,0.00,62.27
2018-01-28 05:00,0.00,62.98
2018-01-28 05:15,0.00,63.29
2018-01-28 05:30,0.00,65.03
2018-01-28 05:45,0.00,62.79
2018-01-28 06:00,0.00,64.83
2018-01-28 06:15,0.00,62.75
2018-01-28 06:30,0.00,62.3
2018-01-28 06:45,0.03,59.92
2018-01-28 07:00,0.34,57.51
2018-01-28 07:15,0.70,55.84
2018-01-28 07:30,1.37,58.08
2018-01-28 07:45,2.04,55.42
2018-01-28 08:00,3.43,50.45
2018-01-28 08:15,6.88,49.48
2018-01-28 08:30,8.77,47.37
2018-01-28 08:45,8.43,47.19
2018-01-28 09:00,6.70,47.19
2018-01-28 09:15,6.94,48.88
2018-01-28 09:30,10.85,45.32
2018-01-28 09:45,12.26,40.59
2018-01-28 10:00,10.10,39.19
2018-01-28 10:15,11.06,39.4
2018-01-28 10:30,13.27,36.34
2018-01-28 10:45,14.18,37.55
2018-01-28 11:00,15.85,39.63
2018-01-28 11:15,17.13,38.29
2018-01-28 11:30,17.25,38.87
2018-01-28 11:45,18.46,37.19
2018-01-28 12:00,18.78,34.47
2018-01-28 12:15,18.22,33.24
2018-01-28 12:30,14.27,33.77
2018-01-28 12:45,17.39,36.21
2018-01-28 13:00,17.63,35.01
2018-01-28 13:15,16.71,33.32
2018-01-28 13:30,17.46,38.08
2018-01-28 13:45,16.42,40.64
2018-01-28 14:00,14.90,38.34
2018-01-28 14:15,13.46,40.87
2018-01-28 14:30,14.68,41.03
2018-01-28 14:45,12.84,42.43
2018-01-28 15:00,11.59,45.24
2018-01-28 15:15,11.90,46.55
2018-01-28 15:30,10.18,46.76
2018-01-28 15:45,7.62,47.51
2018-01-28 16:00,6.40,50.25
2018-01-28 16:15,6.94,48.71
2018-01-28 16:30,5.46,47.87
2018-01-28 16:45,4.39,47.14
2018-01-28 17:00,3.46,47.8
2018-01-28 17:15,1.86,45.26
2018-01-28 17:30,1.35,45.13
2018-01-28 17:45,0.88,44.95
2018-01-28 18:00,0.21,47.53
2018-01-28 18:15,0.00,52
2018-01-28 18:30,0.00,54.8
2018-01-28 18:45,0.00,56.51
2018-01-28 19:00,0.00,57.22
2018-01-28 19:15,0.00,56.37
2018-01-28 19:30,0.00,58.33
2018-01-28 19:45,0.00,60.54
2018-01-28 20:00,0.00,61.71
2018-01-28 20:15,0.00,60.82
2018-01-28 20:30,0.00,64.22
2018-01-28 20:45,0.00,65.83
2018-01-28 21:00,0.00,68.85
2018-01-28 21:15,0.00,67.85
2018-01-28 21:30,0.00,72.43
2018-01-28 21:45,0.00,72.72
2018-01-28 22:00,0.00,73.74
2018-01-28 22:15,0.00,76.14
2018-01-28 22:30,0.00,79.93
2018-01-28 22:45,0.00,79.83
2018-01-28 23:00,0.00,83.2
2018-01-28 23:15,0.00,82.93
2018-01-28 23:30,0.00,86.25
2018-01-28 23:45,0.00,85.99
2018-01-29 00:00,0.00,87.67
2018-01-29 00:15,0.00,88.62
2018-01-29 00:30,0.00,92.93
2018-01-29 00:45,0.00,91.09
2018-01-29 01:00,0.00,86.87
2018-01-29 01:15,0.00,86.28
2018-01-29 01:30,0.00,84.25
2018-01-29 01:45,0.00,85.7
2018-01-29 02:00,0.00,83.82
2018-01-29 02:15,0.00,83.62
2018-01-29 02:30,0.00,82.33
2018-01-29 02:45,0.00,82.19
2018-01-29 03:00,0.00,79.54
2018-01-29 03:15,0.00,75.79
2018-01-29 03:30,0.00,78.58
2018-01-29 03:45,0.00,77.08
2018-01-29 04:00,0.00,76.64
2018-01-29 04:15,0.00,74.2
2018-01-29 04:30,0.00,73.33
2018-01-29 04:45,0.00,71.77
2018-01-29 05:00,0.00,75.58
2018-01-29 05:15,0.00,78.06
2018-01-29 05:30,0.00,74.27
2018-01-29 05:45,0.00,71.27
2018-01-29 06:00,0.00,72.62
2018-01-29 06:15,0.00,71.17
2018-01-29 06:30,0.00,71.4
2018-01-29 06:45,0.19,67.93
2018-01-29 07:00,0.78,67.27
2018-01-29 07:15,1.51,65.5
2018-01-29 07:30,2.44,66.64
2018-01-29 07:45,3.55,64.16
2018-01-29 08:00,4.94,65.11
2018-01-29 08:15,6.20,68.25
2018-01-29 08:30,7.79,70.66
2018-01-29 08:45,8.23,66.69
2018-01-29 09:00,10.02,65.83
2018-01-29 09:15,10.26,64.12
2018-01-29 09:30,11.78,62.42
2018-01-29 09:45,13.13,56.9
2018-01-29 10:00,11.98,55.42
2018-01-29 10:15,9.12,60.04
2018-01-29 10:30,16.26,60.32
2018-01-29 10:45,15.99,52.01
2018-01-29 11:00,12.47,49.16
2018-01-29 11:15,16.62,49.29
2018-01-29 11:30,13.20,45.84
2018-01-29 11:45,19.08,46.16
2018-01-29 12:00,17.40,40.66
2018-01-29 12:15,19.06,44.45
2018-01-29 12:30,19.05,47.38
2018-01-29 12:45,12.90,48.5
2018-01-29 13:00,20.09,55.42
2018-01-29 13:15,15.06,51.66
2018-01-29 13:30,9.20,57.59
2018-01-29 13:45,16.85,62.85
2018-01-29 14:00,17.78,56.11
2018-01-29 14:15,15.56,62.66
2018-01-29 14:30,15.30,62.08
2018-01-29 14:45,12.08,64.93
2018-01-29 15:00,9.26,64.09
2018-01-29 15:15,5.18,66.06
2018-01-29 15:30,9.27,63.74
2018-01-29 15:45,6.65,62.4
2018-01-29 16:00,4.90,58.21
2018-01-29 16:15,4.85,59.03
2018-01-29 16:30,6.79,59.75
2018-01-29 16:45,5.30,57.46
2018-01-29 17:00,4.02,57.14
2018-01-29 17:15,2.78,58.69
2018-01-29 17:30,1.68,63.37
2018-01-29 17:45,0.67,61.53
2018-01-29 18:00,0.02,66.4
2018-01-29 18:15,0.00,70.38
2018-01-29 18:30,0.00,67.66
2018-01-29 18:45,0.00,66.38
2018-01-29 19:00,0.00,67.4
2018-01-29 19:15,0.00,67.45
2018-01-29 19:30,0.00,67.93
2018-01-29 19:45,0.00,68.59
2018-01-29 20:00,0.00,70.01
2018-01-29 20:15,0.00,63.96
2018-01-29 20:30,0.00,68.69
2018-01-29 20:45,0.00,70.06
2018-01-29 21:00,0.00,70.43
2018-01-29 21:15,0.00,74.08
2018-01-29 21:30,0.00,75.08
2018-01-29 21:45,0.00,74.01
2018-01-29 22:00,0.00,76.17
2018-01-29 22:15,0.00,81.88
2018-01-29 22:30,0.00,82.43
2018-01-29 22:45,0.00,81.61
2018-01-29 23:00,0.00,86.04
2018-01-29 23:15,0.00,88.82
2018-01-29 23:30,0.00,88.48
2018-01-29 23:45,0.00,90.37
2018-01-30 00:00,0.00,90.33
2018-01-30 00:15,0.00,94.88
2018-01-30 00:30,0.00,94.51
2018-01-30 00:45,0.00,94.57
2018-01-30 01:00,0.00,95.98
2018-01-30 01:15,0.00,95.03
2018-01-30 01:30,0.00,98.74
2018-01-30 01:45,0.00,99.36
2018-01-30 02:00,0.00,99.74
2018-01-30 02:15,0.00,96.88
2018-01-30 02:30,0.00,96.66
2018-01-30 02:45,0.00,92.14
2018-01-30 03:00,0.00,91.06
2018-01-30 03:15,0.00,87.17
2018-01-30 03:30,0.00,87.19
2018-01-30 03:45,0.00,85.77
2018-01-30 04:00,0.00,84.12
2018-01-30 04:15,0.00,82.22
2018-01-30 04:30,0.00,81.46
2018-01-30 04:45,0.00,80.08
2018-01-30 05:00,0.00,81.22
2018-01-30 05:15,0.00,81.41
2018-01-30 05:30,0.00,78.99
2018-01-30 05:45,0.00,79.22
2018-01-30 06:00,0.00,79.72
2018-01-30 06:15,0.00,76.17
2018-01-30 06:30,0.00,77.75
2018-01-30 06:45,0.16,73.88
2018-01-30 07:00,0.87,73.98
2018-01-30 07:15,1.49,70.75
2018-01-30 07:30,1.96,71.37
2018-01-30 07:45,3.29,68.66
2018-01-30 08:00,4.48,71.04
2018-01-30 08:15,4.06,71.41
2018-01-30 08:30,3.76,67.59
2018-01-30 08:45,6.33,67.27
2018-01-30 09:00,7.78,63.27
2018-01-30 09:15,7.82,63.75
2018-01-30 09:30,9.04,60.42
2018-01-30 09:45,9.52,59.48
2018-01-30 10:00,14.29,58.46
2018-01-30 10:15,14.40,55.29
2018-01-30 10:30,14.27,54.19
2018-01-30 10:45,13.76,53.5
2018-01-30 11:00,11.62,54.24
2018-01-30 11:15,13.09,54.48
2018-01-30 11:30,16.86,51.35
2018-01-30 11:45,13.82,48.16
2018-01-30 12:00,12.69,49.84
2018-01-30 12:15,14.74,49.79
2018-01-30 12:30,17.04,54.35
2018-01-30 12:45,19.42,50.08
2018-01-30 13:00,15.94,48.92
2018-01-30 13:15,10.51,51.93
2018-01-30 13:30,5.09,54.67
2018-01-30 13:45,6.48,59.83
2018-01-30 14:00,3.86,58.16
2018-01-30 14:15,2.77,63.93
2018-01-30 14:30,5.44,62.54
2018-01-30 14:45,10.05,56.24
2018-01-30 15:00,5.26,56.27
2018-01-30 15:15,7.15,59.53
2018-01-30 15:30,8.85,59.38
2018-01-30 15:45,7.98,59.01
2018-01-30 16:00,6.08,52.43
2018-01-30 16:15,5.39,54.29
2018-01-30 16:30,7.97,52.34
2018-01-30 16:45,6.45,48.25
2018-01-30 17:00,4.80,47.69
2018-01-30 17:15,3.28,48.88
2018-01-30 17:30,1.94,50.64
2018-01-30 17:45,0.88,49.61
2018-01-30 18:00,0.26,51.17
2018-01-30 18:15,0.00,52.53
2018-01-30 18:30,0.00,55.43
2018-01-30 18:45,0.00,59.17
2018-01-30 19:00,0.00,58.32
2018-01-30 19:15,0.00,55.92
2018-01-30 19:30,0.00,56.5
2018-01-30 19:45,0.00,58.74
2018-01-30 20:00,0.00,57.64
2018-01-30 20:15,0.00,58.75
2018-01-30 20:30,0.00,61
2018-01-30 20:45,0.00,62.98
2018-01-30 21:00,0.00,64.98
2018-01-30 21:15,0.00,67.35
2018-01-30 21:30,0.00,69.9
2018-01-30 21:45,0.00,73.53
2018-01-30 22:00,0.00,74.48
2018-01-30 22:15,0.00,78.88
2018-01-30 22:30,0.00,83.08
2018-01-30 22:45,0.00,84.45
2018-01-30 23:00,0.00,82.69
2018-01-30 23:15,0.00,85.45
2018-01-30 23:30,0.00,88.91
2018-01-30 23:45,0.00,89.38
2018-01-31 00:00,0.00,92.03
2018-01-31 00:15,0.00,98.41
2018-01-31 00:30,0.00,98.46
2018-01-31 00:45,0.00,96.24
2018-01-31 01:00,0.00,94.98
2018-01-31 01:15,0.00,92.95
2018-01-31 01:30,0.00,92.78
2018-01-31 01:45,0.00,89.43
2018-01-31 02:00,0.00,91.16
2018-01-31 02:15,0.00,88.56
2018-01-31 02:30,0.00,84.49
2018-01-31 02:45,0.00,83.22
2018-01-31 03:00,0.00,82.83
2018-01-31 03:15,0.00,83.03
2018-01-31 03:30,0.00,79.58
2018-01-31 03:45,0.00,80.32
2018-01-31 04:00,0.00,80.56
2018-01-31 04:15,0.00,78.88
2018-01-31 04:30,0.00,77.24
2018-01-31 04:45,0.00,77.12
2018-01-31 05:00,0.00,75.09
2018-01-31 05:15,0.00,75.59
2018-01-31 05:30,0.00,74.03
2018-01-31 05:45,0.00,71.96
2018-01-31 06:00,0.00,72.67
2018-01-31 06:15,0.00,72.95
2018-01-31 06:30,0.00,71.22
2018-01-31 06:45,0.05,69.96
2018-01-31 07:00,0.51,68.66
2018-01-31 07:15,1.07,67.35
2018-01-31 07:30,1.70,67.09
2018-01-31 07:45,1.86,64.56
2018-01-31 08:00,1.94,64.01
2018-01-31 08:15,3.38,65.98
2018-01-31 08:30,5.89,65.88
2018-01-31 08:45,3.92,63.35
2018-01-31 09:00,4.98,66.69
2018-01-31 09:15,5.68,67.29
2018-01-31 09:30,8.66,64.29
2018-01-31 09:45,6.98,57.16
2018-01-31 10:00,5.01,63.01
2018-01-31 10:15,4.58,65.83
2018-01-31 10:30,5.39,66.01
2018-01-31 10:45,3.82,60.56
2018-01-31 11:00,0.00,58.27
2018-01-31 11:15,0.00,54.96
2018-01-31 11:30,0.00,51.5
2018-01-31 11:45,0.00,47.46
2018-01-31 12:00,0.00,41.84
2018-01-31 12:15,0.00,44.03
2018-01-31 12:30,0.00,47.95
2018-01-31 12:45,0.00,46.26
2018-01-31 13:00,0.00,43.03
2018-01-31 13:15,0.00,47.32
2018-01-31 13:30,0.00,51.48
2018-01-31 13:45,0.00,53.4
2018-01-31 14:00,0.00,54.38
2018-01-31 14:15,134.99,53.67
2018-01-31 14:30,16.74,47.43
2018-01-31 14:45,13.87,47.46
2018-01-31 15:00,14.18,49.72
2018-01-31 15:15,9.71,49.13
2018-01-31 15:30,13.47,53.82
2018-01-31 15:45,9.63,48.34
2018-01-31 16:00,9.25,53.38
2018-01-31 16:15,8.64,54.93
2018-01-31 16:30,8.02,54.35
2018-01-31 16:45,6.32,50.71
2018-01-31 17:00,4.32,53.46
2018-01-31 17:15,2.94,53.59
2018-01-31 17:30,1.60,55.4
2018-01-31 17:45,0.74,53.19
2018-01-31 18:00,0.18,55.48
2018-01-31 18:15,0.00,55
2018-01-31 18:30,0.00,59.09
2018-01-31 18:45,0.00,62.4
2018-01-31 19:00,0.00,58.63
2018-01-31 19:15,0.00,57.82
2018-01-31 19:30,0.00,58.61
2018-01-31 19:45,0.00,57.82
2018-01-31 20:00,0.00,56.5
2018-01-31 20:15,0.00,54.14
2018-01-31 20:30,0.00,56.01
2018-01-31 20:45,0.00,59.17
2018-01-31 21:00,0.00,58.24
2018-01-31 21:15,0.00,60.88
2018-01-31 21:30,0.00,63.29
2018-01-31 21:45,0.00,62.56
2018-01-31 22:00,0.00,66.82
2018-01-31 22:15,0.00,69.35
2018-01-31 22:30,0.00,80.48
2018-01-31 22:45,0.00,83.72
2018-01-31 23:00,0.00,84.37
2018-01-31 23:15,0.00,82.2
2018-01-31 23:30,0.00,87.19
2018-01-31 23:45,0.00,80.61
2018-02-01 00:00,0.00,92.51
